identifier,hardness,resistance,mapColorId,light,sound,hasCollision,randomTick,isAir,ignitedByLava,liquid,legacySolid
air,0.0,0.0,0,0,STONE,false,false,true,false,false,false
stone,1.5,6.0,11,0,STONE,true,false,false,false,false,true
granite,1.5,6.0,10,0,STONE,true,false,false,false,false,true
polished_granite,1.5,6.0,10,0,STONE,true,false,false,false,false,true
diorite,1.5,6.0,14,0,STONE,true,false,false,false,false,true
polished_diorite,1.5,6.0,14,0,STONE,true,false,false,false,false,true
andesite,1.5,6.0,11,0,STONE,true,false,false,false,false,true
polished_andesite,1.5,6.0,11,0,STONE,true,false,false,false,false,true
grass_block,0.6,0.6,1,0,GRASS,true,true,false,false,false,true
dirt,0.5,0.5,10,0,GRAVEL,true,false,false,false,false,true
coarse_dirt,0.5,0.5,10,0,GRAVEL,true,false,false,false,false,true
podzol,0.5,0.5,34,0,GRAVEL,true,false,false,false,false,true
cobblestone,2.0,6.0,11,0,STONE,true,false,false,false,false,true
oak_planks,2.0,3.0,13,0,WOOD,true,false,false,true,false,true
spruce_planks,2.0,3.0,34,0,WOOD,true,false,false,true,false,true
birch_planks,2.0,3.0,2,0,WOOD,true,false,false,true,false,true
jungle_planks,2.0,3.0,10,0,WOOD,true,false,false,true,false,true
acacia_planks,2.0,3.0,15,0,WOOD,true,false,false,true,false,true
cherry_planks,2.0,3.0,36,0,CHERRY_WOOD,true,false,false,true,false,true
dark_oak_planks,2.0,3.0,26,0,WOOD,true,false,false,true,false,true
pale_oak_wood,2.0,2.0,11,0,WOOD,true,false,false,true,false,true
pale_oak_planks,2.0,3.0,14,0,WOOD,true,false,false,true,false,true
mangrove_planks,2.0,3.0,28,0,WOOD,true,false,false,true,false,true
bamboo_planks,2.0,3.0,18,0,BAMBOO_WOOD,true,false,false,true,false,true
bamboo_mosaic,2.0,3.0,18,0,BAMBOO_WOOD,true,false,false,true,false,true
oak_sapling,0.0,0.0,7,0,GRASS,false,true,false,false,false,false
spruce_sapling,0.0,0.0,7,0,GRASS,false,true,false,false,false,false
birch_sapling,0.0,0.0,7,0,GRASS,false,true,false,false,false,false
jungle_sapling,0.0,0.0,7,0,GRASS,false,true,false,false,false,false
acacia_sapling,0.0,0.0,7,0,GRASS,false,true,false,false,false,false
cherry_sapling,0.0,0.0,20,0,CHERRY_SAPLING,false,true,false,false,false,false
dark_oak_sapling,0.0,0.0,7,0,GRASS,false,true,false,false,false,false
pale_oak_sapling,0.0,0.0,6,0,GRASS,false,true,false,false,false,false
mangrove_propagule,0.0,0.0,7,0,GRASS,false,true,false,false,false,false
bedrock,-1.0,3600000.0,11,0,STONE,true,false,false,false,false,true
water,100.0,100.0,12,0,EMPTY,false,false,false,false,true,false
lava,100.0,100.0,4,15,EMPTY,false,true,false,false,true,false
sand,0.5,0.5,2,0,SAND,true,false,false,false,false,true
suspicious_sand,0.25,0.25,2,0,SUSPICIOUS_SAND,true,false,false,false,false,true
red_sand,0.5,0.5,15,0,SAND,true,false,false,false,false,true
gravel,0.6,0.6,11,0,GRAVEL,true,false,false,false,false,true
suspicious_gravel,0.25,0.25,11,0,SUSPICIOUS_GRAVEL,true,false,false,false,false,true
gold_ore,3.0,3.0,11,0,STONE,true,false,false,false,false,true
deepslate_gold_ore,4.5,3.0,59,0,DEEPSLATE,true,false,false,false,false,true
iron_ore,3.0,3.0,11,0,STONE,true,false,false,false,false,true
deepslate_iron_ore,4.5,3.0,59,0,DEEPSLATE,true,false,false,false,false,true
coal_ore,3.0,3.0,11,0,STONE,true,false,false,false,false,true
deepslate_coal_ore,4.5,3.0,59,0,DEEPSLATE,true,false,false,false,false,true
nether_gold_ore,3.0,3.0,35,0,NETHER_GOLD_ORE,true,false,false,false,false,true
oak_log,2.0,2.0,13,0,WOOD,true,false,false,true,false,true
spruce_log,2.0,2.0,34,0,WOOD,true,false,false,true,false,true
birch_log,2.0,2.0,2,0,WOOD,true,false,false,true,false,true
jungle_log,2.0,2.0,10,0,WOOD,true,false,false,true,false,true
acacia_log,2.0,2.0,15,0,WOOD,true,false,false,true,false,true
cherry_log,2.0,2.0,36,0,CHERRY_WOOD,true,false,false,true,false,true
dark_oak_log,2.0,2.0,26,0,WOOD,true,false,false,true,false,true
pale_oak_log,2.0,2.0,14,0,WOOD,true,false,false,true,false,true
mangrove_log,2.0,2.0,28,0,WOOD,true,false,false,true,false,true
mangrove_roots,0.7,0.7,34,0,MANGROVE_ROOTS,true,false,false,true,false,true
muddy_mangrove_roots,0.7,0.7,34,0,MUDDY_MANGROVE_ROOTS,true,false,false,false,false,true
bamboo_block,2.0,2.0,18,0,BAMBOO_WOOD,true,false,false,true,false,true
stripped_spruce_log,2.0,2.0,34,0,WOOD,true,false,false,true,false,true
stripped_birch_log,2.0,2.0,2,0,WOOD,true,false,false,true,false,true
stripped_jungle_log,2.0,2.0,10,0,WOOD,true,false,false,true,false,true
stripped_acacia_log,2.0,2.0,15,0,WOOD,true,false,false,true,false,true
stripped_cherry_log,2.0,2.0,36,0,CHERRY_WOOD,true,false,false,true,false,true
stripped_dark_oak_log,2.0,2.0,26,0,WOOD,true,false,false,true,false,true
stripped_pale_oak_log,2.0,2.0,14,0,WOOD,true,false,false,true,false,true
stripped_oak_log,2.0,2.0,13,0,WOOD,true,false,false,true,false,true
stripped_mangrove_log,2.0,2.0,28,0,WOOD,true,false,false,true,false,true
stripped_bamboo_block,2.0,2.0,18,0,BAMBOO_WOOD,true,false,false,true,false,true
oak_wood,2.0,2.0,13,0,WOOD,true,false,false,true,false,true
spruce_wood,2.0,2.0,34,0,WOOD,true,false,false,true,false,true
birch_wood,2.0,2.0,2,0,WOOD,true,false,false,true,false,true
jungle_wood,2.0,2.0,10,0,WOOD,true,false,false,true,false,true
acacia_wood,2.0,2.0,21,0,WOOD,true,false,false,true,false,true
cherry_wood,2.0,2.0,43,0,CHERRY_WOOD,true,false,false,true,false,true
dark_oak_wood,2.0,2.0,26,0,WOOD,true,false,false,true,false,true
mangrove_wood,2.0,2.0,28,0,WOOD,true,false,false,true,false,true
stripped_oak_wood,2.0,2.0,13,0,WOOD,true,false,false,true,false,true
stripped_spruce_wood,2.0,2.0,34,0,WOOD,true,false,false,true,false,true
stripped_birch_wood,2.0,2.0,2,0,WOOD,true,false,false,true,false,true
stripped_jungle_wood,2.0,2.0,10,0,WOOD,true,false,false,true,false,true
stripped_acacia_wood,2.0,2.0,15,0,WOOD,true,false,false,true,false,true
stripped_cherry_wood,2.0,2.0,42,0,CHERRY_WOOD,true,false,false,true,false,true
stripped_dark_oak_wood,2.0,2.0,26,0,WOOD,true,false,false,true,false,true
stripped_pale_oak_wood,2.0,2.0,14,0,WOOD,true,false,false,true,false,true
stripped_mangrove_wood,2.0,2.0,28,0,WOOD,true,false,false,true,false,true
oak_leaves,0.2,0.2,7,0,GRASS,true,true,false,true,false,true
spruce_leaves,0.2,0.2,7,0,GRASS,true,true,false,true,false,true
birch_leaves,0.2,0.2,7,0,GRASS,true,true,false,true,false,true
jungle_leaves,0.2,0.2,7,0,GRASS,true,true,false,true,false,true
acacia_leaves,0.2,0.2,7,0,GRASS,true,true,false,true,false,true
cherry_leaves,0.2,0.2,20,0,CHERRY_LEAVES,true,true,false,true,false,true
dark_oak_leaves,0.2,0.2,7,0,GRASS,true,true,false,true,false,true
pale_oak_leaves,0.2,0.2,6,0,GRASS,true,true,false,true,false,true
mangrove_leaves,0.2,0.2,7,0,GRASS,true,true,false,true,false,true
azalea_leaves,0.2,0.2,7,0,AZALEA_LEAVES,true,true,false,true,false,true
flowering_azalea_leaves,0.2,0.2,7,0,AZALEA_LEAVES,true,true,false,true,false,true
sponge,0.6,0.6,18,0,SPONGE,true,false,false,false,false,true
wet_sponge,0.6,0.6,18,0,WET_SPONGE,true,false,false,false,false,true
glass,0.3,0.3,0,0,GLASS,true,false,false,false,false,true
lapis_ore,3.0,3.0,11,0,STONE,true,false,false,false,false,true
deepslate_lapis_ore,4.5,3.0,59,0,DEEPSLATE,true,false,false,false,false,true
lapis_block,3.0,3.0,32,0,STONE,true,false,false,false,false,true
dispenser,3.5,3.5,11,0,STONE,true,false,false,false,false,true
sandstone,0.8,0.8,2,0,STONE,true,false,false,false,false,true
chiseled_sandstone,0.8,0.8,2,0,STONE,true,false,false,false,false,true
cut_sandstone,0.8,0.8,2,0,STONE,true,false,false,false,false,true
note_block,0.8,0.8,13,0,WOOD,true,false,false,true,false,true
white_bed,0.2,0.2,8,0,WOOD,true,false,false,true,false,true
orange_bed,0.2,0.2,15,0,WOOD,true,false,false,true,false,true
magenta_bed,0.2,0.2,16,0,WOOD,true,false,false,true,false,true
light_blue_bed,0.2,0.2,17,0,WOOD,true,false,false,true,false,true
yellow_bed,0.2,0.2,18,0,WOOD,true,false,false,true,false,true
lime_bed,0.2,0.2,19,0,WOOD,true,false,false,true,false,true
pink_bed,0.2,0.2,20,0,WOOD,true,false,false,true,false,true
gray_bed,0.2,0.2,21,0,WOOD,true,false,false,true,false,true
light_gray_bed,0.2,0.2,22,0,WOOD,true,false,false,true,false,true
cyan_bed,0.2,0.2,23,0,WOOD,true,false,false,true,false,true
purple_bed,0.2,0.2,24,0,WOOD,true,false,false,true,false,true
blue_bed,0.2,0.2,25,0,WOOD,true,false,false,true,false,true
brown_bed,0.2,0.2,26,0,WOOD,true,false,false,true,false,true
green_bed,0.2,0.2,27,0,WOOD,true,false,false,true,false,true
red_bed,0.2,0.2,28,0,WOOD,true,false,false,true,false,true
black_bed,0.2,0.2,29,0,WOOD,true,false,false,true,false,true
powered_rail,0.7,0.7,0,0,METAL,false,false,false,false,false,false
detector_rail,0.7,0.7,0,0,METAL,false,false,false,false,false,false
sticky_piston,1.5,1.5,11,0,STONE,true,false,false,false,false,true
cobweb,4.0,4.0,3,0,COBWEB,false,false,false,false,false,true
short_grass,0.0,0.0,7,0,GRASS,false,false,false,true,false,false
fern,0.0,0.0,7,0,GRASS,false,false,false,true,false,false
dead_bush,0.0,0.0,13,0,GRASS,false,false,false,true,false,false
bush,0.0,0.0,7,0,GRASS,false,false,false,true,false,false
short_dry_grass,0.0,0.0,18,0,GRASS,false,false,false,true,false,false
tall_dry_grass,0.0,0.0,18,0,GRASS,false,false,false,true,false,false
seagrass,0.0,0.0,12,0,WET_GRASS,false,false,false,false,false,false
tall_seagrass,0.0,0.0,12,0,WET_GRASS,false,false,false,false,false,false
piston,1.5,1.5,11,0,STONE,true,false,false,false,false,true
piston_head,1.5,1.5,11,0,STONE,true,false,false,false,false,true
white_wool,0.8,0.8,8,0,WOOL,true,false,false,true,false,true
orange_wool,0.8,0.8,15,0,WOOL,true,false,false,true,false,true
magenta_wool,0.8,0.8,16,0,WOOL,true,false,false,true,false,true
light_blue_wool,0.8,0.8,17,0,WOOL,true,false,false,true,false,true
yellow_wool,0.8,0.8,18,0,WOOL,true,false,false,true,false,true
lime_wool,0.8,0.8,19,0,WOOL,true,false,false,true,false,true
pink_wool,0.8,0.8,20,0,WOOL,true,false,false,true,false,true
gray_wool,0.8,0.8,21,0,WOOL,true,false,false,true,false,true
light_gray_wool,0.8,0.8,22,0,WOOL,true,false,false,true,false,true
cyan_wool,0.8,0.8,23,0,WOOL,true,false,false,true,false,true
purple_wool,0.8,0.8,24,0,WOOL,true,false,false,true,false,true
blue_wool,0.8,0.8,25,0,WOOL,true,false,false,true,false,true
brown_wool,0.8,0.8,26,0,WOOL,true,false,false,true,false,true
green_wool,0.8,0.8,27,0,WOOL,true,false,false,true,false,true
red_wool,0.8,0.8,28,0,WOOL,true,false,false,true,false,true
black_wool,0.8,0.8,29,0,WOOL,true,false,false,true,false,true
moving_piston,-1.0,0.0,11,0,STONE,true,false,false,false,false,true
dandelion,0.0,0.0,7,0,GRASS,false,false,false,false,false,false
torchflower,0.0,0.0,7,0,GRASS,false,false,false,false,false,false
poppy,0.0,0.0,7,0,GRASS,false,false,false,false,false,false
blue_orchid,0.0,0.0,7,0,GRASS,false,false,false,false,false,false
allium,0.0,0.0,7,0,GRASS,false,false,false,false,false,false
azure_bluet,0.0,0.0,7,0,GRASS,false,false,false,false,false,false
red_tulip,0.0,0.0,7,0,GRASS,false,false,false,false,false,false
orange_tulip,0.0,0.0,7,0,GRASS,false,false,false,false,false,false
white_tulip,0.0,0.0,7,0,GRASS,false,false,false,false,false,false
pink_tulip,0.0,0.0,7,0,GRASS,false,false,false,false,false,false
oxeye_daisy,0.0,0.0,7,0,GRASS,false,false,false,false,false,false
cornflower,0.0,0.0,7,0,GRASS,false,false,false,false,false,false
wither_rose,0.0,0.0,7,0,GRASS,false,false,false,false,false,false
lily_of_the_valley,0.0,0.0,7,0,GRASS,false,false,false,false,false,false
brown_mushroom,0.0,0.0,26,1,GRASS,false,true,false,false,false,false
red_mushroom,0.0,0.0,28,0,GRASS,false,true,false,false,false,false
gold_block,3.0,6.0,30,0,METAL,true,false,false,false,false,true
iron_block,5.0,6.0,6,0,IRON,true,false,false,false,false,true
bricks,2.0,6.0,28,0,STONE,true,false,false,false,false,true
tnt,0.0,0.0,4,0,GRASS,true,false,false,true,false,true
bookshelf,1.5,1.5,13,0,WOOD,true,false,false,true,false,true
chiseled_bookshelf,1.5,1.5,13,0,CHISELED_BOOKSHELF,true,false,false,true,false,true
acacia_shelf,2.0,3.0,15,0,SHELF,true,false,false,true,false,true
bamboo_shelf,2.0,3.0,18,0,SHELF,true,false,false,true,false,true
birch_shelf,2.0,3.0,2,0,SHELF,true,false,false,true,false,true
cherry_shelf,2.0,3.0,36,0,SHELF,true,false,false,true,false,true
crimson_shelf,2.0,3.0,53,0,SHELF,true,false,false,true,false,true
dark_oak_shelf,2.0,3.0,26,0,SHELF,true,false,false,true,false,true
jungle_shelf,2.0,3.0,10,0,SHELF,true,false,false,true,false,true
mangrove_shelf,2.0,3.0,28,0,SHELF,true,false,false,true,false,true
oak_shelf,2.0,3.0,13,0,SHELF,true,false,false,true,false,true
pale_oak_shelf,2.0,3.0,14,0,SHELF,true,false,false,true,false,true
spruce_shelf,2.0,3.0,34,0,SHELF,true,false,false,true,false,true
warped_shelf,2.0,3.0,56,0,SHELF,true,false,false,true,false,true
mossy_cobblestone,2.0,6.0,11,0,STONE,true,false,false,false,false,true
obsidian,50.0,1200.0,29,0,STONE,true,false,false,false,false,true
torch,0.0,0.0,0,14,WOOD,false,false,false,false,false,false
wall_torch,0.0,0.0,0,14,WOOD,false,false,false,false,false,false
fire,0.0,0.0,4,15,WOOL,false,false,false,false,false,false
soul_fire,0.0,0.0,17,10,WOOL,false,false,false,false,false,false
spawner,5.0,5.0,11,0,SPAWNER,true,false,false,false,false,true
creaking_heart,10.0,10.0,15,0,CREAKING_HEART,true,false,false,false,false,true
oak_stairs,2.0,3.0,13,0,WOOD,true,false,false,true,false,true
chest,2.5,2.5,13,0,WOOD,true,false,false,true,false,true
redstone_wire,0.0,0.0,0,0,STONE,false,false,false,false,false,false
diamond_ore,3.0,3.0,11,0,STONE,true,false,false,false,false,true
deepslate_diamond_ore,4.5,3.0,59,0,DEEPSLATE,true,false,false,false,false,true
diamond_block,5.0,6.0,31,0,METAL,true,false,false,false,false,true
crafting_table,2.5,2.5,13,0,WOOD,true,false,false,true,false,true
wheat,0.0,0.0,7,0,CROP,false,true,false,false,false,false
farmland,0.6,0.6,10,0,GRAVEL,true,true,false,false,false,true
furnace,3.5,3.5,11,0,STONE,true,false,false,false,false,true
oak_sign,1.0,1.0,13,0,WOOD,false,false,false,true,false,true
spruce_sign,1.0,1.0,34,0,WOOD,false,false,false,true,false,true
birch_sign,1.0,1.0,2,0,WOOD,false,false,false,true,false,true
acacia_sign,1.0,1.0,15,0,WOOD,false,false,false,true,false,true
cherry_sign,1.0,1.0,36,0,CHERRY_WOOD,false,false,false,true,false,true
jungle_sign,1.0,1.0,10,0,WOOD,false,false,false,true,false,true
dark_oak_sign,1.0,1.0,26,0,WOOD,false,false,false,true,false,true
pale_oak_sign,1.0,1.0,14,0,WOOD,false,false,false,true,false,true
mangrove_sign,1.0,1.0,28,0,WOOD,false,false,false,true,false,true
bamboo_sign,1.0,1.0,18,0,BAMBOO_WOOD,false,false,false,true,false,true
oak_door,3.0,3.0,13,0,WOOD,true,false,false,true,false,true
ladder,0.4,0.4,0,0,LADDER,true,false,false,false,false,false
rail,0.7,0.7,0,0,METAL,false,false,false,false,false,false
cobblestone_stairs,2.0,6.0,11,0,STONE,true,false,false,false,false,true
oak_wall_sign,1.0,1.0,13,0,WOOD,false,false,false,true,false,true
spruce_wall_sign,1.0,1.0,34,0,WOOD,false,false,false,true,false,true
birch_wall_sign,1.0,1.0,2,0,WOOD,false,false,false,true,false,true
acacia_wall_sign,1.0,1.0,15,0,WOOD,false,false,false,true,false,true
cherry_wall_sign,1.0,1.0,36,0,CHERRY_WOOD,false,false,false,true,false,true
jungle_wall_sign,1.0,1.0,10,0,WOOD,false,false,false,true,false,true
dark_oak_wall_sign,1.0,1.0,26,0,WOOD,false,false,false,true,false,true
pale_oak_wall_sign,1.0,1.0,14,0,WOOD,false,false,false,true,false,true
mangrove_wall_sign,1.0,1.0,28,0,WOOD,false,false,false,true,false,true
bamboo_wall_sign,1.0,1.0,18,0,BAMBOO_WOOD,false,false,false,true,false,true
oak_hanging_sign,1.0,1.0,13,0,HANGING_SIGN,false,false,false,true,false,true
spruce_hanging_sign,1.0,1.0,34,0,HANGING_SIGN,false,false,false,true,false,true
birch_hanging_sign,1.0,1.0,2,0,HANGING_SIGN,false,false,false,true,false,true
acacia_hanging_sign,1.0,1.0,15,0,HANGING_SIGN,false,false,false,true,false,true
cherry_hanging_sign,1.0,1.0,42,0,CHERRY_WOOD_HANGING_SIGN,false,false,false,true,false,true
jungle_hanging_sign,1.0,1.0,10,0,HANGING_SIGN,false,false,false,true,false,true
dark_oak_hanging_sign,1.0,1.0,26,0,HANGING_SIGN,false,false,false,true,false,true
pale_oak_hanging_sign,1.0,1.0,14,0,HANGING_SIGN,false,false,false,true,false,true
crimson_hanging_sign,1.0,1.0,53,0,NETHER_WOOD_HANGING_SIGN,false,false,false,false,false,true
warped_hanging_sign,1.0,1.0,56,0,NETHER_WOOD_HANGING_SIGN,false,false,false,false,false,true
mangrove_hanging_sign,1.0,1.0,28,0,HANGING_SIGN,false,false,false,true,false,true
bamboo_hanging_sign,1.0,1.0,18,0,BAMBOO_WOOD_HANGING_SIGN,false,false,false,true,false,true
oak_wall_hanging_sign,1.0,1.0,13,0,HANGING_SIGN,false,false,false,true,false,true
spruce_wall_hanging_sign,1.0,1.0,13,0,HANGING_SIGN,false,false,false,true,false,true
birch_wall_hanging_sign,1.0,1.0,2,0,HANGING_SIGN,false,false,false,true,false,true
acacia_wall_hanging_sign,1.0,1.0,15,0,HANGING_SIGN,false,false,false,true,false,true
cherry_wall_hanging_sign,1.0,1.0,42,0,CHERRY_WOOD_HANGING_SIGN,false,false,false,true,false,true
jungle_wall_hanging_sign,1.0,1.0,10,0,HANGING_SIGN,false,false,false,true,false,true
dark_oak_wall_hanging_sign,1.0,1.0,26,0,HANGING_SIGN,false,false,false,true,false,true
pale_oak_wall_hanging_sign,1.0,1.0,14,0,HANGING_SIGN,false,false,false,true,false,true
mangrove_wall_hanging_sign,1.0,1.0,28,0,HANGING_SIGN,false,false,false,true,false,true
crimson_wall_hanging_sign,1.0,1.0,53,0,NETHER_WOOD_HANGING_SIGN,false,false,false,false,false,true
warped_wall_hanging_sign,1.0,1.0,56,0,NETHER_WOOD_HANGING_SIGN,false,false,false,false,false,true
bamboo_wall_hanging_sign,1.0,1.0,18,0,BAMBOO_WOOD_HANGING_SIGN,false,false,false,true,false,true
lever,0.5,0.5,0,0,STONE,false,false,false,false,false,false
stone_pressure_plate,0.5,0.5,11,0,STONE,false,false,false,false,false,true
iron_door,5.0,5.0,6,0,IRON,true,false,false,false,false,true
oak_pressure_plate,0.5,0.5,13,0,WOOD,false,false,false,true,false,true
spruce_pressure_plate,0.5,0.5,34,0,WOOD,false,false,false,true,false,true
birch_pressure_plate,0.5,0.5,2,0,WOOD,false,false,false,true,false,true
jungle_pressure_plate,0.5,0.5,10,0,WOOD,false,false,false,true,false,true
acacia_pressure_plate,0.5,0.5,15,0,WOOD,false,false,false,true,false,true
cherry_pressure_plate,0.5,0.5,36,0,CHERRY_WOOD,false,false,false,true,false,true
dark_oak_pressure_plate,0.5,0.5,26,0,WOOD,false,false,false,true,false,true
pale_oak_pressure_plate,0.5,0.5,14,0,WOOD,false,false,false,true,false,true
mangrove_pressure_plate,0.5,0.5,28,0,WOOD,false,false,false,true,false,true
bamboo_pressure_plate,0.5,0.5,18,0,BAMBOO_WOOD,false,false,false,true,false,true
redstone_ore,3.0,3.0,11,0,STONE,true,true,false,false,false,true
deepslate_redstone_ore,4.5,3.0,59,0,DEEPSLATE,true,true,false,false,false,true
redstone_torch,0.0,0.0,0,7,WOOD,false,false,false,false,false,false
redstone_wall_torch,0.0,0.0,0,7,WOOD,false,false,false,false,false,false
stone_button,0.5,0.5,0,0,STONE,false,false,false,false,false,false
snow,0.1,0.1,8,0,SNOW,true,true,false,false,false,false
ice,0.5,0.5,5,0,GLASS,true,true,false,false,false,true
snow_block,0.2,0.2,8,0,SNOW,true,false,false,false,false,true
cactus,0.4,0.4,7,0,WOOL,true,true,false,false,false,true
cactus_flower,0.0,0.0,20,0,CACTUS_FLOWER,false,false,false,true,false,false
clay,0.6,0.6,9,0,GRAVEL,true,false,false,false,false,true
sugar_cane,0.0,0.0,7,0,GRASS,false,true,false,false,false,false
jukebox,2.0,6.0,10,0,WOOD,true,false,false,true,false,true
oak_fence,2.0,3.0,13,0,WOOD,true,false,false,true,false,true
netherrack,0.4,0.4,35,0,NETHERRACK,true,false,false,false,false,true
soul_sand,0.5,0.5,26,0,SOUL_SAND,true,false,false,false,false,true
soul_soil,0.5,0.5,26,0,SOUL_SOIL,true,false,false,false,false,true
basalt,1.25,4.2,29,0,BASALT,true,false,false,false,false,true
polished_basalt,1.25,4.2,29,0,BASALT,true,false,false,false,false,true
soul_torch,0.0,0.0,0,10,WOOD,false,false,false,false,false,false
soul_wall_torch,0.0,0.0,0,10,WOOD,false,false,false,false,false,false
copper_torch,0.0,0.0,0,14,WOOD,false,false,false,false,false,false
copper_wall_torch,0.0,0.0,0,14,WOOD,false,false,false,false,false,false
glowstone,0.3,0.3,2,15,GLASS,true,false,false,false,false,true
nether_portal,-1.0,0.0,0,11,GLASS,false,true,false,false,false,false
carved_pumpkin,1.0,1.0,15,0,WOOD,true,false,false,false,false,true
jack_o_lantern,1.0,1.0,15,15,WOOD,true,false,false,false,false,true
cake,0.5,0.5,0,0,WOOL,true,false,false,false,false,true
repeater,0.0,0.0,0,0,STONE,true,false,false,false,false,false
white_stained_glass,0.3,0.3,8,0,GLASS,true,false,false,false,false,true
orange_stained_glass,0.3,0.3,15,0,GLASS,true,false,false,false,false,true
magenta_stained_glass,0.3,0.3,16,0,GLASS,true,false,false,false,false,true
light_blue_stained_glass,0.3,0.3,17,0,GLASS,true,false,false,false,false,true
yellow_stained_glass,0.3,0.3,18,0,GLASS,true,false,false,false,false,true
lime_stained_glass,0.3,0.3,19,0,GLASS,true,false,false,false,false,true
pink_stained_glass,0.3,0.3,20,0,GLASS,true,false,false,false,false,true
gray_stained_glass,0.3,0.3,21,0,GLASS,true,false,false,false,false,true
light_gray_stained_glass,0.3,0.3,22,0,GLASS,true,false,false,false,false,true
cyan_stained_glass,0.3,0.3,23,0,GLASS,true,false,false,false,false,true
purple_stained_glass,0.3,0.3,24,0,GLASS,true,false,false,false,false,true
blue_stained_glass,0.3,0.3,25,0,GLASS,true,false,false,false,false,true
brown_stained_glass,0.3,0.3,26,0,GLASS,true,false,false,false,false,true
green_stained_glass,0.3,0.3,27,0,GLASS,true,false,false,false,false,true
red_stained_glass,0.3,0.3,28,0,GLASS,true,false,false,false,false,true
black_stained_glass,0.3,0.3,29,0,GLASS,true,false,false,false,false,true
oak_trapdoor,3.0,3.0,13,0,WOOD,true,false,false,true,false,true
spruce_trapdoor,3.0,3.0,34,0,WOOD,true,false,false,true,false,true
birch_trapdoor,3.0,3.0,2,0,WOOD,true,false,false,true,false,true
jungle_trapdoor,3.0,3.0,10,0,WOOD,true,false,false,true,false,true
acacia_trapdoor,3.0,3.0,15,0,WOOD,true,false,false,true,false,true
cherry_trapdoor,3.0,3.0,36,0,CHERRY_WOOD,true,false,false,true,false,true
dark_oak_trapdoor,3.0,3.0,26,0,WOOD,true,false,false,true,false,true
pale_oak_trapdoor,3.0,3.0,14,0,WOOD,true,false,false,true,false,true
mangrove_trapdoor,3.0,3.0,28,0,WOOD,true,false,false,true,false,true
bamboo_trapdoor,3.0,3.0,18,0,BAMBOO_WOOD,true,false,false,true,false,true
stone_bricks,1.5,6.0,11,0,STONE,true,false,false,false,false,true
mossy_stone_bricks,1.5,6.0,11,0,STONE,true,false,false,false,false,true
cracked_stone_bricks,1.5,6.0,11,0,STONE,true,false,false,false,false,true
chiseled_stone_bricks,1.5,6.0,11,0,STONE,true,false,false,false,false,true
packed_mud,1.0,3.0,10,0,PACKED_MUD,true,false,false,false,false,true
mud_bricks,1.5,3.0,44,0,MUD_BRICKS,true,false,false,false,false,true
infested_stone,0.75,0.75,9,0,STONE,true,false,false,false,false,true
infested_cobblestone,1.0,0.75,9,0,STONE,true,false,false,false,false,true
infested_stone_bricks,0.75,0.75,9,0,STONE,true,false,false,false,false,true
infested_mossy_stone_bricks,0.75,0.75,9,0,STONE,true,false,false,false,false,true
infested_cracked_stone_bricks,0.75,0.75,9,0,STONE,true,false,false,false,false,true
infested_chiseled_stone_bricks,0.75,0.75,9,0,STONE,true,false,false,false,false,true
brown_mushroom_block,0.2,0.2,10,0,WOOD,true,false,false,true,false,true
red_mushroom_block,0.2,0.2,28,0,WOOD,true,false,false,true,false,true
mushroom_stem,0.2,0.2,3,0,WOOD,true,false,false,true,false,true
iron_bars,5.0,6.0,0,0,IRON,true,false,false,false,false,true
copper_bars,5.0,6.0,0,0,COPPER,true,false,false,false,false,true
exposed_copper_bars,5.0,6.0,0,0,COPPER,true,false,false,false,false,true
weathered_copper_bars,5.0,6.0,0,0,COPPER,true,false,false,false,false,true
oxidized_copper_bars,5.0,6.0,0,0,COPPER,true,false,false,false,false,true
waxed_copper_bars,5.0,6.0,0,0,COPPER,true,false,false,false,false,true
waxed_exposed_copper_bars,5.0,6.0,0,0,COPPER,true,false,false,false,false,true
waxed_weathered_copper_bars,5.0,6.0,0,0,COPPER,true,false,false,false,false,true
waxed_oxidized_copper_bars,5.0,6.0,0,0,COPPER,true,false,false,false,false,true
iron_chain,5.0,6.0,0,0,CHAIN,true,false,false,false,false,true
copper_chain,5.0,6.0,0,0,CHAIN,true,false,false,false,false,true
exposed_copper_chain,5.0,6.0,0,0,CHAIN,true,false,false,false,false,true
weathered_copper_chain,5.0,6.0,0,0,CHAIN,true,false,false,false,false,true
oxidized_copper_chain,5.0,6.0,0,0,CHAIN,true,false,false,false,false,true
waxed_copper_chain,5.0,6.0,0,0,CHAIN,true,false,false,false,false,true
waxed_exposed_copper_chain,5.0,6.0,0,0,CHAIN,true,false,false,false,false,true
waxed_weathered_copper_chain,5.0,6.0,0,0,CHAIN,true,false,false,false,false,true
waxed_oxidized_copper_chain,5.0,6.0,0,0,CHAIN,true,false,false,false,false,true
glass_pane,0.3,0.3,0,0,GLASS,true,false,false,false,false,true
pumpkin,1.0,1.0,15,0,WOOD,true,false,false,false,false,true
melon,1.0,1.0,19,0,WOOD,true,false,false,false,false,true
attached_pumpkin_stem,0.0,0.0,7,0,WOOD,false,false,false,false,false,false
attached_melon_stem,0.0,0.0,7,0,WOOD,false,false,false,false,false,false
pumpkin_stem,0.0,0.0,7,0,HARD_CROP,false,true,false,false,false,false
melon_stem,0.0,0.0,7,0,HARD_CROP,false,true,false,false,false,false
vine,0.2,0.2,7,0,VINE,false,true,false,true,false,false
glow_lichen,0.2,0.2,61,0,GLOW_LICHEN,false,false,false,true,false,false
resin_clump,0.0,0.0,37,0,RESIN,false,false,false,true,false,false
oak_fence_gate,2.0,3.0,13,0,WOOD,true,false,false,true,false,true
brick_stairs,2.0,6.0,28,0,STONE,true,false,false,false,false,true
stone_brick_stairs,1.5,6.0,11,0,STONE,true,false,false,false,false,true
mud_brick_stairs,1.5,3.0,44,0,MUD_BRICKS,true,false,false,false,false,true
mycelium,0.6,0.6,24,0,GRASS,true,true,false,false,false,true
lily_pad,0.0,0.0,7,0,LILY_PAD,true,false,false,false,false,false
resin_block,0.0,0.0,37,0,RESIN,true,false,false,false,false,true
resin_bricks,1.5,6.0,37,0,RESIN_BRICKS,true,false,false,false,false,true
resin_brick_stairs,1.5,6.0,37,0,RESIN_BRICKS,true,false,false,false,false,true
resin_brick_slab,1.5,6.0,37,0,RESIN_BRICKS,true,false,false,false,false,true
resin_brick_wall,1.5,6.0,37,0,RESIN_BRICKS,true,false,false,false,false,true
chiseled_resin_bricks,1.5,6.0,37,0,RESIN_BRICKS,true,false,false,false,false,true
nether_bricks,2.0,6.0,35,0,NETHER_BRICKS,true,false,false,false,false,true
nether_brick_fence,2.0,6.0,35,0,NETHER_BRICKS,true,false,false,false,false,true
nether_brick_stairs,2.0,6.0,35,0,NETHER_BRICKS,true,false,false,false,false,true
nether_wart,0.0,0.0,28,0,NETHER_WART,false,true,false,false,false,false
enchanting_table,5.0,1200.0,28,7,STONE,true,false,false,false,false,true
brewing_stand,0.5,0.5,6,1,STONE,true,false,false,false,false,true
cauldron,2.0,2.0,11,0,STONE,true,false,false,false,false,true
water_cauldron,2.0,2.0,11,0,STONE,true,false,false,false,false,true
lava_cauldron,2.0,2.0,11,15,STONE,true,false,false,false,false,true
powder_snow_cauldron,2.0,2.0,11,0,STONE,true,false,false,false,false,true
end_portal,-1.0,3600000.0,29,15,STONE,false,false,false,false,false,false
end_portal_frame,-1.0,3600000.0,27,1,GLASS,true,false,false,false,false,true
end_stone,3.0,9.0,2,0,STONE,true,false,false,false,false,true
dragon_egg,3.0,9.0,29,1,STONE,true,false,false,false,false,true
redstone_lamp,0.3,0.3,37,0,GLASS,true,false,false,false,false,true
cocoa,0.2,3.0,7,0,WOOD,true,true,false,false,false,false
sandstone_stairs,0.8,0.8,2,0,STONE,true,false,false,false,false,true
emerald_ore,3.0,3.0,11,0,STONE,true,false,false,false,false,true
deepslate_emerald_ore,4.5,3.0,59,0,DEEPSLATE,true,false,false,false,false,true
ender_chest,22.5,600.0,11,7,STONE,true,false,false,false,false,true
tripwire_hook,0.0,0.0,0,0,WOOD,false,false,false,false,false,false
tripwire,0.0,0.0,0,0,STONE,false,false,false,false,false,false
emerald_block,5.0,6.0,33,0,METAL,true,false,false,false,false,true
spruce_stairs,2.0,3.0,34,0,WOOD,true,false,false,true,false,true
birch_stairs,2.0,3.0,2,0,WOOD,true,false,false,true,false,true
jungle_stairs,2.0,3.0,10,0,WOOD,true,false,false,true,false,true
command_block,-1.0,3600000.0,26,0,STONE,true,false,false,false,false,true
beacon,3.0,3.0,31,15,STONE,true,false,false,false,false,true
cobblestone_wall,2.0,6.0,11,0,STONE,true,false,false,false,false,true
mossy_cobblestone_wall,2.0,6.0,11,0,STONE,true,false,false,false,false,true
flower_pot,0.0,0.0,0,0,STONE,true,false,false,false,false,false
potted_torchflower,0.0,0.0,0,0,STONE,true,false,false,false,false,false
potted_oak_sapling,0.0,0.0,0,0,STONE,true,false,false,false,false,false
potted_spruce_sapling,0.0,0.0,0,0,STONE,true,false,false,false,false,false
potted_birch_sapling,0.0,0.0,0,0,STONE,true,false,false,false,false,false
potted_jungle_sapling,0.0,0.0,0,0,STONE,true,false,false,false,false,false
potted_acacia_sapling,0.0,0.0,0,0,STONE,true,false,false,false,false,false
potted_cherry_sapling,0.0,0.0,0,0,STONE,true,false,false,false,false,false
potted_dark_oak_sapling,0.0,0.0,0,0,STONE,true,false,false,false,false,false
potted_pale_oak_sapling,0.0,0.0,0,0,STONE,true,false,false,false,false,false
potted_mangrove_propagule,0.0,0.0,0,0,STONE,true,false,false,false,false,false
potted_fern,0.0,0.0,0,0,STONE,true,false,false,false,false,false
potted_dandelion,0.0,0.0,0,0,STONE,true,false,false,false,false,false
potted_poppy,0.0,0.0,0,0,STONE,true,false,false,false,false,false
potted_blue_orchid,0.0,0.0,0,0,STONE,true,false,false,false,false,false
potted_allium,0.0,0.0,0,0,STONE,true,false,false,false,false,false
potted_azure_bluet,0.0,0.0,0,0,STONE,true,false,false,false,false,false
potted_red_tulip,0.0,0.0,0,0,STONE,true,false,false,false,false,false
potted_orange_tulip,0.0,0.0,0,0,STONE,true,false,false,false,false,false
potted_white_tulip,0.0,0.0,0,0,STONE,true,false,false,false,false,false
potted_pink_tulip,0.0,0.0,0,0,STONE,true,false,false,false,false,false
potted_oxeye_daisy,0.0,0.0,0,0,STONE,true,false,false,false,false,false
potted_cornflower,0.0,0.0,0,0,STONE,true,false,false,false,false,false
potted_lily_of_the_valley,0.0,0.0,0,0,STONE,true,false,false,false,false,false
potted_wither_rose,0.0,0.0,0,0,STONE,true,false,false,false,false,false
potted_red_mushroom,0.0,0.0,0,0,STONE,true,false,false,false,false,false
potted_brown_mushroom,0.0,0.0,0,0,STONE,true,false,false,false,false,false
potted_dead_bush,0.0,0.0,0,0,STONE,true,false,false,false,false,false
potted_cactus,0.0,0.0,0,0,STONE,true,false,false,false,false,false
carrots,0.0,0.0,7,0,CROP,false,true,false,false,false,false
potatoes,0.0,0.0,7,0,CROP,false,true,false,false,false,false
oak_button,0.5,0.5,0,0,WOOD,false,false,false,false,false,false
spruce_button,0.5,0.5,0,0,WOOD,false,false,false,false,false,false
birch_button,0.5,0.5,0,0,WOOD,false,false,false,false,false,false
jungle_button,0.5,0.5,0,0,WOOD,false,false,false,false,false,false
acacia_button,0.5,0.5,0,0,WOOD,false,false,false,false,false,false
cherry_button,0.5,0.5,0,0,CHERRY_WOOD,false,false,false,false,false,false
dark_oak_button,0.5,0.5,0,0,WOOD,false,false,false,false,false,false
pale_oak_button,0.5,0.5,0,0,WOOD,false,false,false,false,false,false
mangrove_button,0.5,0.5,0,0,WOOD,false,false,false,false,false,false
bamboo_button,0.5,0.5,0,0,BAMBOO_WOOD,false,false,false,false,false,false
skeleton_skull,1.0,1.0,0,0,STONE,true,false,false,false,false,false
skeleton_wall_skull,1.0,1.0,0,0,STONE,true,false,false,false,false,false
wither_skeleton_skull,1.0,1.0,0,0,STONE,true,false,false,false,false,false
wither_skeleton_wall_skull,1.0,1.0,0,0,STONE,true,false,false,false,false,false
zombie_head,1.0,1.0,0,0,STONE,true,false,false,false,false,false
zombie_wall_head,1.0,1.0,0,0,STONE,true,false,false,false,false,false
player_head,1.0,1.0,0,0,STONE,true,false,false,false,false,false
player_wall_head,1.0,1.0,0,0,STONE,true,false,false,false,false,false
creeper_head,1.0,1.0,0,0,STONE,true,false,false,false,false,false
creeper_wall_head,1.0,1.0,0,0,STONE,true,false,false,false,false,false
dragon_head,1.0,1.0,0,0,STONE,true,false,false,false,false,false
dragon_wall_head,1.0,1.0,0,0,STONE,true,false,false,false,false,false
piglin_head,1.0,1.0,0,0,STONE,true,false,false,false,false,false
piglin_wall_head,1.0,1.0,0,0,STONE,true,false,false,false,false,false
anvil,5.0,1200.0,6,0,ANVIL,true,false,false,false,false,true
chipped_anvil,5.0,1200.0,6,0,ANVIL,true,false,false,false,false,true
damaged_anvil,5.0,1200.0,6,0,ANVIL,true,false,false,false,false,true
trapped_chest,2.5,2.5,13,0,WOOD,true,false,false,true,false,true
light_weighted_pressure_plate,0.5,0.5,30,0,METAL,false,false,false,false,false,true
heavy_weighted_pressure_plate,0.5,0.5,6,0,IRON,false,false,false,false,false,true
comparator,0.0,0.0,0,0,STONE,true,false,false,false,false,false
daylight_detector,0.2,0.2,13,0,WOOD,true,false,false,true,false,true
redstone_block,5.0,6.0,4,0,METAL,true,false,false,false,false,true
nether_quartz_ore,3.0,3.0,35,0,NETHER_ORE,true,false,false,false,false,true
hopper,3.0,4.8,11,0,METAL,true,false,false,false,false,true
quartz_block,0.8,0.8,14,0,STONE,true,false,false,false,false,true
chiseled_quartz_block,0.8,0.8,14,0,STONE,true,false,false,false,false,true
quartz_pillar,0.8,0.8,14,0,STONE,true,false,false,false,false,true
quartz_stairs,0.8,0.8,14,0,STONE,true,false,false,false,false,true
activator_rail,0.7,0.7,0,0,METAL,false,false,false,false,false,false
dropper,3.5,3.5,11,0,STONE,true,false,false,false,false,true
white_terracotta,1.25,4.2,36,0,STONE,true,false,false,false,false,true
orange_terracotta,1.25,4.2,37,0,STONE,true,false,false,false,false,true
magenta_terracotta,1.25,4.2,38,0,STONE,true,false,false,false,false,true
light_blue_terracotta,1.25,4.2,39,0,STONE,true,false,false,false,false,true
yellow_terracotta,1.25,4.2,40,0,STONE,true,false,false,false,false,true
lime_terracotta,1.25,4.2,41,0,STONE,true,false,false,false,false,true
pink_terracotta,1.25,4.2,42,0,STONE,true,false,false,false,false,true
gray_terracotta,1.25,4.2,43,0,STONE,true,false,false,false,false,true
light_gray_terracotta,1.25,4.2,44,0,STONE,true,false,false,false,false,true
cyan_terracotta,1.25,4.2,45,0,STONE,true,false,false,false,false,true
purple_terracotta,1.25,4.2,46,0,STONE,true,false,false,false,false,true
blue_terracotta,1.25,4.2,47,0,STONE,true,false,false,false,false,true
brown_terracotta,1.25,4.2,48,0,STONE,true,false,false,false,false,true
green_terracotta,1.25,4.2,49,0,STONE,true,false,false,false,false,true
red_terracotta,1.25,4.2,50,0,STONE,true,false,false,false,false,true
black_terracotta,1.25,4.2,51,0,STONE,true,false,false,false,false,true
white_stained_glass_pane,0.3,0.3,0,0,GLASS,true,false,false,false,false,true
orange_stained_glass_pane,0.3,0.3,0,0,GLASS,true,false,false,false,false,true
magenta_stained_glass_pane,0.3,0.3,0,0,GLASS,true,false,false,false,false,true
light_blue_stained_glass_pane,0.3,0.3,0,0,GLASS,true,false,false,false,false,true
yellow_stained_glass_pane,0.3,0.3,0,0,GLASS,true,false,false,false,false,true
lime_stained_glass_pane,0.3,0.3,0,0,GLASS,true,false,false,false,false,true
pink_stained_glass_pane,0.3,0.3,0,0,GLASS,true,false,false,false,false,true
gray_stained_glass_pane,0.3,0.3,0,0,GLASS,true,false,false,false,false,true
light_gray_stained_glass_pane,0.3,0.3,0,0,GLASS,true,false,false,false,false,true
cyan_stained_glass_pane,0.3,0.3,0,0,GLASS,true,false,false,false,false,true
purple_stained_glass_pane,0.3,0.3,0,0,GLASS,true,false,false,false,false,true
blue_stained_glass_pane,0.3,0.3,0,0,GLASS,true,false,false,false,false,true
brown_stained_glass_pane,0.3,0.3,0,0,GLASS,true,false,false,false,false,true
green_stained_glass_pane,0.3,0.3,0,0,GLASS,true,false,false,false,false,true
red_stained_glass_pane,0.3,0.3,0,0,GLASS,true,false,false,false,false,true
black_stained_glass_pane,0.3,0.3,0,0,GLASS,true,false,false,false,false,true
acacia_stairs,2.0,3.0,15,0,WOOD,true,false,false,true,false,true
cherry_stairs,2.0,3.0,36,0,CHERRY_WOOD,true,false,false,true,false,true
dark_oak_stairs,2.0,3.0,26,0,WOOD,true,false,false,true,false,true
pale_oak_stairs,2.0,3.0,14,0,WOOD,true,false,false,true,false,true
mangrove_stairs,2.0,3.0,28,0,WOOD,true,false,false,true,false,true
bamboo_stairs,2.0,3.0,18,0,BAMBOO_WOOD,true,false,false,true,false,true
bamboo_mosaic_stairs,2.0,3.0,18,0,BAMBOO_WOOD,true,false,false,true,false,true
slime_block,0.0,0.0,1,0,SLIME_BLOCK,true,false,false,false,false,true
barrier,-1.0,3600000.8,0,0,STONE,true,false,false,false,false,true
light,-1.0,3600000.8,0,15,STONE,true,false,false,false,false,false
iron_trapdoor,5.0,5.0,6,0,IRON,true,false,false,false,false,true
prismarine,1.5,6.0,23,0,STONE,true,false,false,false,false,true
prismarine_bricks,1.5,6.0,31,0,STONE,true,false,false,false,false,true
dark_prismarine,1.5,6.0,31,0,STONE,true,false,false,false,false,true
prismarine_stairs,1.5,6.0,23,0,STONE,true,false,false,false,false,true
prismarine_brick_stairs,1.5,6.0,31,0,STONE,true,false,false,false,false,true
dark_prismarine_stairs,1.5,6.0,31,0,STONE,true,false,false,false,false,true
prismarine_slab,1.5,6.0,23,0,STONE,true,false,false,false,false,true
prismarine_brick_slab,1.5,6.0,31,0,STONE,true,false,false,false,false,true
dark_prismarine_slab,1.5,6.0,31,0,STONE,true,false,false,false,false,true
sea_lantern,0.3,0.3,14,15,GLASS,true,false,false,false,false,true
hay_block,0.5,0.5,18,0,GRASS,true,false,false,false,false,true
white_carpet,0.1,0.1,8,0,WOOL,true,false,false,true,false,false
orange_carpet,0.1,0.1,15,0,WOOL,true,false,false,true,false,false
magenta_carpet,0.1,0.1,16,0,WOOL,true,false,false,true,false,false
light_blue_carpet,0.1,0.1,17,0,WOOL,true,false,false,true,false,false
yellow_carpet,0.1,0.1,18,0,WOOL,true,false,false,true,false,false
lime_carpet,0.1,0.1,19,0,WOOL,true,false,false,true,false,false
pink_carpet,0.1,0.1,20,0,WOOL,true,false,false,true,false,false
gray_carpet,0.1,0.1,21,0,WOOL,true,false,false,true,false,false
light_gray_carpet,0.1,0.1,22,0,WOOL,true,false,false,true,false,false
cyan_carpet,0.1,0.1,23,0,WOOL,true,false,false,true,false,false
purple_carpet,0.1,0.1,24,0,WOOL,true,false,false,true,false,false
blue_carpet,0.1,0.1,25,0,WOOL,true,false,false,true,false,false
brown_carpet,0.1,0.1,26,0,WOOL,true,false,false,true,false,false
green_carpet,0.1,0.1,27,0,WOOL,true,false,false,true,false,false
red_carpet,0.1,0.1,28,0,WOOL,true,false,false,true,false,false
black_carpet,0.1,0.1,29,0,WOOL,true,false,false,true,false,false
terracotta,1.25,4.2,15,0,STONE,true,false,false,false,false,true
coal_block,5.0,6.0,29,0,STONE,true,false,false,false,false,true
packed_ice,0.5,0.5,5,0,GLASS,true,false,false,false,false,true
sunflower,0.0,0.0,7,0,GRASS,false,false,false,true,false,false
lilac,0.0,0.0,7,0,GRASS,false,false,false,true,false,false
rose_bush,0.0,0.0,7,0,GRASS,false,false,false,true,false,false
peony,0.0,0.0,7,0,GRASS,false,false,false,true,false,false
tall_grass,0.0,0.0,7,0,GRASS,false,false,false,true,false,false
large_fern,0.0,0.0,7,0,GRASS,false,false,false,true,false,false
white_banner,1.0,1.0,13,0,WOOD,false,false,false,true,false,true
orange_banner,1.0,1.0,13,0,WOOD,false,false,false,true,false,true
magenta_banner,1.0,1.0,13,0,WOOD,false,false,false,true,false,true
light_blue_banner,1.0,1.0,13,0,WOOD,false,false,false,true,false,true
yellow_banner,1.0,1.0,13,0,WOOD,false,false,false,true,false,true
lime_banner,1.0,1.0,13,0,WOOD,false,false,false,true,false,true
pink_banner,1.0,1.0,13,0,WOOD,false,false,false,true,false,true
gray_banner,1.0,1.0,13,0,WOOD,false,false,false,true,false,true
light_gray_banner,1.0,1.0,13,0,WOOD,false,false,false,true,false,true
cyan_banner,1.0,1.0,13,0,WOOD,false,false,false,true,false,true
purple_banner,1.0,1.0,13,0,WOOD,false,false,false,true,false,true
blue_banner,1.0,1.0,13,0,WOOD,false,false,false,true,false,true
brown_banner,1.0,1.0,13,0,WOOD,false,false,false,true,false,true
green_banner,1.0,1.0,13,0,WOOD,false,false,false,true,false,true
red_banner,1.0,1.0,13,0,WOOD,false,false,false,true,false,true
black_banner,1.0,1.0,13,0,WOOD,false,false,false,true,false,true
white_wall_banner,1.0,1.0,13,0,WOOD,false,false,false,true,false,true
orange_wall_banner,1.0,1.0,13,0,WOOD,false,false,false,true,false,true
magenta_wall_banner,1.0,1.0,13,0,WOOD,false,false,false,true,false,true
light_blue_wall_banner,1.0,1.0,13,0,WOOD,false,false,false,true,false,true
yellow_wall_banner,1.0,1.0,13,0,WOOD,false,false,false,true,false,true
lime_wall_banner,1.0,1.0,13,0,WOOD,false,false,false,true,false,true
pink_wall_banner,1.0,1.0,13,0,WOOD,false,false,false,true,false,true
gray_wall_banner,1.0,1.0,13,0,WOOD,false,false,false,true,false,true
light_gray_wall_banner,1.0,1.0,13,0,WOOD,false,false,false,true,false,true
cyan_wall_banner,1.0,1.0,13,0,WOOD,false,false,false,true,false,true
purple_wall_banner,1.0,1.0,13,0,WOOD,false,false,false,true,false,true
blue_wall_banner,1.0,1.0,13,0,WOOD,false,false,false,true,false,true
brown_wall_banner,1.0,1.0,13,0,WOOD,false,false,false,true,false,true
green_wall_banner,1.0,1.0,13,0,WOOD,false,false,false,true,false,true
red_wall_banner,1.0,1.0,13,0,WOOD,false,false,false,true,false,true
black_wall_banner,1.0,1.0,13,0,WOOD,false,false,false,true,false,true
red_sandstone,0.8,0.8,15,0,STONE,true,false,false,false,false,true
chiseled_red_sandstone,0.8,0.8,15,0,STONE,true,false,false,false,false,true
cut_red_sandstone,0.8,0.8,15,0,STONE,true,false,false,false,false,true
red_sandstone_stairs,0.8,0.8,15,0,STONE,true,false,false,false,false,true
oak_slab,2.0,3.0,13,0,WOOD,true,false,false,true,false,true
spruce_slab,2.0,3.0,34,0,WOOD,true,false,false,true,false,true
birch_slab,2.0,3.0,2,0,WOOD,true,false,false,true,false,true
jungle_slab,2.0,3.0,10,0,WOOD,true,false,false,true,false,true
acacia_slab,2.0,3.0,15,0,WOOD,true,false,false,true,false,true
cherry_slab,2.0,3.0,36,0,CHERRY_WOOD,true,false,false,true,false,true
dark_oak_slab,2.0,3.0,26,0,WOOD,true,false,false,true,false,true
pale_oak_slab,2.0,3.0,14,0,WOOD,true,false,false,true,false,true
mangrove_slab,2.0,3.0,28,0,WOOD,true,false,false,true,false,true
bamboo_slab,2.0,3.0,18,0,BAMBOO_WOOD,true,false,false,true,false,true
bamboo_mosaic_slab,2.0,3.0,18,0,BAMBOO_WOOD,true,false,false,true,false,true
stone_slab,2.0,6.0,11,0,STONE,true,false,false,false,false,true
smooth_stone_slab,2.0,6.0,11,0,STONE,true,false,false,false,false,true
sandstone_slab,2.0,6.0,2,0,STONE,true,false,false,false,false,true
cut_sandstone_slab,2.0,6.0,2,0,STONE,true,false,false,false,false,true
petrified_oak_slab,2.0,6.0,13,0,STONE,true,false,false,false,false,true
cobblestone_slab,2.0,6.0,11,0,STONE,true,false,false,false,false,true
brick_slab,2.0,6.0,28,0,STONE,true,false,false,false,false,true
stone_brick_slab,2.0,6.0,11,0,STONE,true,false,false,false,false,true
mud_brick_slab,1.5,3.0,44,0,MUD_BRICKS,true,false,false,false,false,true
nether_brick_slab,2.0,6.0,35,0,NETHER_BRICKS,true,false,false,false,false,true
quartz_slab,2.0,6.0,14,0,STONE,true,false,false,false,false,true
red_sandstone_slab,2.0,6.0,15,0,STONE,true,false,false,false,false,true
cut_red_sandstone_slab,2.0,6.0,15,0,STONE,true,false,false,false,false,true
purpur_slab,2.0,6.0,16,0,STONE,true,false,false,false,false,true
smooth_stone,2.0,6.0,11,0,STONE,true,false,false,false,false,true
smooth_sandstone,2.0,6.0,2,0,STONE,true,false,false,false,false,true
smooth_quartz,2.0,6.0,14,0,STONE,true,false,false,false,false,true
smooth_red_sandstone,2.0,6.0,15,0,STONE,true,false,false,false,false,true
spruce_fence_gate,2.0,3.0,34,0,WOOD,true,false,false,true,false,true
birch_fence_gate,2.0,3.0,2,0,WOOD,true,false,false,true,false,true
jungle_fence_gate,2.0,3.0,10,0,WOOD,true,false,false,true,false,true
acacia_fence_gate,2.0,3.0,15,0,WOOD,true,false,false,true,false,true
cherry_fence_gate,2.0,3.0,36,0,CHERRY_WOOD,true,false,false,true,false,true
dark_oak_fence_gate,2.0,3.0,26,0,WOOD,true,false,false,true,false,true
pale_oak_fence_gate,2.0,3.0,14,0,WOOD,true,false,false,true,false,true
mangrove_fence_gate,2.0,3.0,28,0,WOOD,true,false,false,true,false,true
bamboo_fence_gate,2.0,3.0,18,0,BAMBOO_WOOD,true,false,false,true,false,true
spruce_fence,2.0,3.0,34,0,WOOD,true,false,false,true,false,true
birch_fence,2.0,3.0,2,0,WOOD,true,false,false,true,false,true
jungle_fence,2.0,3.0,10,0,WOOD,true,false,false,true,false,true
acacia_fence,2.0,3.0,15,0,WOOD,true,false,false,true,false,true
cherry_fence,2.0,3.0,36,0,CHERRY_WOOD,true,false,false,true,false,true
dark_oak_fence,2.0,3.0,26,0,WOOD,true,false,false,true,false,true
pale_oak_fence,2.0,3.0,14,0,WOOD,true,false,false,true,false,true
mangrove_fence,2.0,3.0,28,0,WOOD,true,false,false,true,false,true
bamboo_fence,2.0,3.0,18,0,BAMBOO_WOOD,true,false,false,true,false,true
spruce_door,3.0,3.0,34,0,WOOD,true,false,false,true,false,true
birch_door,3.0,3.0,2,0,WOOD,true,false,false,true,false,true
jungle_door,3.0,3.0,10,0,WOOD,true,false,false,true,false,true
acacia_door,3.0,3.0,15,0,WOOD,true,false,false,true,false,true
cherry_door,3.0,3.0,36,0,CHERRY_WOOD,true,false,false,true,false,true
dark_oak_door,3.0,3.0,26,0,WOOD,true,false,false,true,false,true
pale_oak_door,3.0,3.0,14,0,WOOD,true,false,false,true,false,true
mangrove_door,3.0,3.0,28,0,WOOD,true,false,false,true,false,true
bamboo_door,3.0,3.0,18,0,BAMBOO_WOOD,true,false,false,true,false,true
end_rod,0.0,0.0,0,14,WOOD,true,false,false,false,false,false
chorus_plant,0.4,0.4,24,0,WOOD,true,false,false,false,false,false
chorus_flower,0.4,0.4,24,0,WOOD,true,true,false,false,false,false
purpur_block,1.5,6.0,16,0,STONE,true,false,false,false,false,true
purpur_pillar,1.5,6.0,16,0,STONE,true,false,false,false,false,true
purpur_stairs,1.5,6.0,16,0,STONE,true,false,false,false,false,true
end_stone_bricks,3.0,9.0,2,0,STONE,true,false,false,false,false,true
torchflower_crop,0.0,0.0,7,0,CROP,false,true,false,false,false,false
pitcher_crop,0.0,0.0,7,0,CROP,false,true,false,false,false,false
pitcher_plant,0.0,0.0,7,0,CROP,false,false,false,true,false,false
beetroots,0.0,0.0,7,0,CROP,false,true,false,false,false,false
dirt_path,0.65,0.65,10,0,GRASS,true,false,false,false,false,true
end_gateway,-1.0,3600000.0,29,15,STONE,false,false,false,false,false,false
repeating_command_block,-1.0,3600000.0,24,0,STONE,true,false,false,false,false,true
chain_command_block,-1.0,3600000.0,27,0,STONE,true,false,false,false,false,true
frosted_ice,0.5,0.5,5,0,GLASS,true,false,false,false,false,true
magma_block,0.5,0.5,35,3,STONE,true,false,false,false,false,true
nether_wart_block,1.0,1.0,28,0,WART_BLOCK,true,false,false,false,false,true
red_nether_bricks,2.0,6.0,35,0,NETHER_BRICKS,true,false,false,false,false,true
bone_block,2.0,2.0,2,0,BONE_BLOCK,true,false,false,false,false,true
structure_void,0.0,0.0,0,0,STONE,false,false,false,false,false,false
observer,3.0,3.0,11,0,STONE,true,false,false,false,false,true
shulker_box,2.0,2.0,24,0,STONE,true,false,false,false,false,true
white_shulker_box,2.0,2.0,8,0,STONE,true,false,false,false,false,true
orange_shulker_box,2.0,2.0,15,0,STONE,true,false,false,false,false,true
magenta_shulker_box,2.0,2.0,16,0,STONE,true,false,false,false,false,true
light_blue_shulker_box,2.0,2.0,17,0,STONE,true,false,false,false,false,true
yellow_shulker_box,2.0,2.0,18,0,STONE,true,false,false,false,false,true
lime_shulker_box,2.0,2.0,19,0,STONE,true,false,false,false,false,true
pink_shulker_box,2.0,2.0,20,0,STONE,true,false,false,false,false,true
gray_shulker_box,2.0,2.0,21,0,STONE,true,false,false,false,false,true
light_gray_shulker_box,2.0,2.0,22,0,STONE,true,false,false,false,false,true
cyan_shulker_box,2.0,2.0,23,0,STONE,true,false,false,false,false,true
purple_shulker_box,2.0,2.0,46,0,STONE,true,false,false,false,false,true
blue_shulker_box,2.0,2.0,25,0,STONE,true,false,false,false,false,true
brown_shulker_box,2.0,2.0,26,0,STONE,true,false,false,false,false,true
green_shulker_box,2.0,2.0,27,0,STONE,true,false,false,false,false,true
red_shulker_box,2.0,2.0,28,0,STONE,true,false,false,false,false,true
black_shulker_box,2.0,2.0,29,0,STONE,true,false,false,false,false,true
white_glazed_terracotta,1.4,1.4,8,0,STONE,true,false,false,false,false,true
orange_glazed_terracotta,1.4,1.4,15,0,STONE,true,false,false,false,false,true
magenta_glazed_terracotta,1.4,1.4,16,0,STONE,true,false,false,false,false,true
light_blue_glazed_terracotta,1.4,1.4,17,0,STONE,true,false,false,false,false,true
yellow_glazed_terracotta,1.4,1.4,18,0,STONE,true,false,false,false,false,true
lime_glazed_terracotta,1.4,1.4,19,0,STONE,true,false,false,false,false,true
pink_glazed_terracotta,1.4,1.4,20,0,STONE,true,false,false,false,false,true
gray_glazed_terracotta,1.4,1.4,21,0,STONE,true,false,false,false,false,true
light_gray_glazed_terracotta,1.4,1.4,22,0,STONE,true,false,false,false,false,true
cyan_glazed_terracotta,1.4,1.4,23,0,STONE,true,false,false,false,false,true
purple_glazed_terracotta,1.4,1.4,24,0,STONE,true,false,false,false,false,true
blue_glazed_terracotta,1.4,1.4,25,0,STONE,true,false,false,false,false,true
brown_glazed_terracotta,1.4,1.4,26,0,STONE,true,false,false,false,false,true
green_glazed_terracotta,1.4,1.4,27,0,STONE,true,false,false,false,false,true
red_glazed_terracotta,1.4,1.4,28,0,STONE,true,false,false,false,false,true
black_glazed_terracotta,1.4,1.4,29,0,STONE,true,false,false,false,false,true
white_concrete,1.8,1.8,8,0,STONE,true,false,false,false,false,true
orange_concrete,1.8,1.8,15,0,STONE,true,false,false,false,false,true
magenta_concrete,1.8,1.8,16,0,STONE,true,false,false,false,false,true
light_blue_concrete,1.8,1.8,17,0,STONE,true,false,false,false,false,true
yellow_concrete,1.8,1.8,18,0,STONE,true,false,false,false,false,true
lime_concrete,1.8,1.8,19,0,STONE,true,false,false,false,false,true
pink_concrete,1.8,1.8,20,0,STONE,true,false,false,false,false,true
gray_concrete,1.8,1.8,21,0,STONE,true,false,false,false,false,true
light_gray_concrete,1.8,1.8,22,0,STONE,true,false,false,false,false,true
cyan_concrete,1.8,1.8,23,0,STONE,true,false,false,false,false,true
purple_concrete,1.8,1.8,24,0,STONE,true,false,false,false,false,true
blue_concrete,1.8,1.8,25,0,STONE,true,false,false,false,false,true
brown_concrete,1.8,1.8,26,0,STONE,true,false,false,false,false,true
green_concrete,1.8,1.8,27,0,STONE,true,false,false,false,false,true
red_concrete,1.8,1.8,28,0,STONE,true,false,false,false,false,true
black_concrete,1.8,1.8,29,0,STONE,true,false,false,false,false,true
white_concrete_powder,0.5,0.5,8,0,SAND,true,false,false,false,false,true
orange_concrete_powder,0.5,0.5,15,0,SAND,true,false,false,false,false,true
magenta_concrete_powder,0.5,0.5,16,0,SAND,true,false,false,false,false,true
light_blue_concrete_powder,0.5,0.5,17,0,SAND,true,false,false,false,false,true
yellow_concrete_powder,0.5,0.5,18,0,SAND,true,false,false,false,false,true
lime_concrete_powder,0.5,0.5,19,0,SAND,true,false,false,false,false,true
pink_concrete_powder,0.5,0.5,20,0,SAND,true,false,false,false,false,true
gray_concrete_powder,0.5,0.5,21,0,SAND,true,false,false,false,false,true
light_gray_concrete_powder,0.5,0.5,22,0,SAND,true,false,false,false,false,true
cyan_concrete_powder,0.5,0.5,23,0,SAND,true,false,false,false,false,true
purple_concrete_powder,0.5,0.5,24,0,SAND,true,false,false,false,false,true
blue_concrete_powder,0.5,0.5,25,0,SAND,true,false,false,false,false,true
brown_concrete_powder,0.5,0.5,26,0,SAND,true,false,false,false,false,true
green_concrete_powder,0.5,0.5,27,0,SAND,true,false,false,false,false,true
red_concrete_powder,0.5,0.5,28,0,SAND,true,false,false,false,false,true
black_concrete_powder,0.5,0.5,29,0,SAND,true,false,false,false,false,true
kelp,0.0,0.0,12,0,WET_GRASS,false,true,false,false,false,false
kelp_plant,0.0,0.0,12,0,WET_GRASS,false,false,false,false,false,false
dried_kelp_block,0.5,2.5,27,0,GRASS,true,false,false,false,false,true
turtle_egg,0.5,0.5,2,0,METAL,true,true,false,false,false,true
sniffer_egg,0.5,0.5,28,0,METAL,true,false,false,false,false,true
dried_ghast,0.0,0.0,21,0,DRIED_GHAST,true,true,false,false,false,true
dead_tube_coral_block,1.5,6.0,21,0,STONE,true,false,false,false,false,true
dead_brain_coral_block,1.5,6.0,21,0,STONE,true,false,false,false,false,true
dead_bubble_coral_block,1.5,6.0,21,0,STONE,true,false,false,false,false,true
dead_fire_coral_block,1.5,6.0,21,0,STONE,true,false,false,false,false,true
dead_horn_coral_block,1.5,6.0,21,0,STONE,true,false,false,false,false,true
tube_coral_block,1.5,6.0,25,0,CORAL_BLOCK,true,false,false,false,false,true
brain_coral_block,1.5,6.0,20,0,CORAL_BLOCK,true,false,false,false,false,true
bubble_coral_block,1.5,6.0,24,0,CORAL_BLOCK,true,false,false,false,false,true
fire_coral_block,1.5,6.0,28,0,CORAL_BLOCK,true,false,false,false,false,true
horn_coral_block,1.5,6.0,18,0,CORAL_BLOCK,true,false,false,false,false,true
dead_tube_coral,0.0,0.0,21,0,STONE,false,false,false,false,false,true
dead_brain_coral,0.0,0.0,21,0,STONE,false,false,false,false,false,true
dead_bubble_coral,0.0,0.0,21,0,STONE,false,false,false,false,false,true
dead_fire_coral,0.0,0.0,21,0,STONE,false,false,false,false,false,true
dead_horn_coral,0.0,0.0,21,0,STONE,false,false,false,false,false,true
tube_coral,0.0,0.0,25,0,WET_GRASS,false,false,false,false,false,false
brain_coral,0.0,0.0,20,0,WET_GRASS,false,false,false,false,false,false
bubble_coral,0.0,0.0,24,0,WET_GRASS,false,false,false,false,false,false
fire_coral,0.0,0.0,28,0,WET_GRASS,false,false,false,false,false,false
horn_coral,0.0,0.0,18,0,WET_GRASS,false,false,false,false,false,false
dead_tube_coral_fan,0.0,0.0,21,0,STONE,false,false,false,false,false,true
dead_brain_coral_fan,0.0,0.0,21,0,STONE,false,false,false,false,false,true
dead_bubble_coral_fan,0.0,0.0,21,0,STONE,false,false,false,false,false,true
dead_fire_coral_fan,0.0,0.0,21,0,STONE,false,false,false,false,false,true
dead_horn_coral_fan,0.0,0.0,21,0,STONE,false,false,false,false,false,true
tube_coral_fan,0.0,0.0,25,0,WET_GRASS,false,false,false,false,false,false
brain_coral_fan,0.0,0.0,20,0,WET_GRASS,false,false,false,false,false,false
bubble_coral_fan,0.0,0.0,24,0,WET_GRASS,false,false,false,false,false,false
fire_coral_fan,0.0,0.0,28,0,WET_GRASS,false,false,false,false,false,false
horn_coral_fan,0.0,0.0,18,0,WET_GRASS,false,false,false,false,false,false
dead_tube_coral_wall_fan,0.0,0.0,21,0,STONE,false,false,false,false,false,true
dead_brain_coral_wall_fan,0.0,0.0,21,0,STONE,false,false,false,false,false,true
dead_bubble_coral_wall_fan,0.0,0.0,21,0,STONE,false,false,false,false,false,true
dead_fire_coral_wall_fan,0.0,0.0,21,0,STONE,false,false,false,false,false,true
dead_horn_coral_wall_fan,0.0,0.0,21,0,STONE,false,false,false,false,false,true
tube_coral_wall_fan,0.0,0.0,25,0,WET_GRASS,false,false,false,false,false,false
brain_coral_wall_fan,0.0,0.0,20,0,WET_GRASS,false,false,false,false,false,false
bubble_coral_wall_fan,0.0,0.0,24,0,WET_GRASS,false,false,false,false,false,false
fire_coral_wall_fan,0.0,0.0,28,0,WET_GRASS,false,false,false,false,false,false
horn_coral_wall_fan,0.0,0.0,18,0,WET_GRASS,false,false,false,false,false,false
sea_pickle,0.0,0.0,27,6,SLIME_BLOCK,true,false,false,false,false,false
blue_ice,2.8,2.8,5,0,GLASS,true,false,false,false,false,true
conduit,3.0,3.0,31,15,STONE,true,false,false,false,false,true
bamboo_sapling,1.0,1.0,13,0,BAMBOO_SAPLING,false,true,false,true,false,true
bamboo,1.0,1.0,7,0,BAMBOO,true,true,false,true,false,true
potted_bamboo,0.0,0.0,0,0,STONE,true,false,false,false,false,false
void_air,0.0,0.0,0,0,STONE,false,false,true,false,false,false
cave_air,0.0,0.0,0,0,STONE,false,false,true,false,false,false
bubble_column,0.0,0.0,12,0,EMPTY,false,false,false,false,true,false
polished_granite_stairs,1.5,6.0,10,0,STONE,true,false,false,false,false,true
smooth_red_sandstone_stairs,2.0,6.0,15,0,STONE,true,false,false,false,false,true
mossy_stone_brick_stairs,1.5,6.0,11,0,STONE,true,false,false,false,false,true
polished_diorite_stairs,1.5,6.0,14,0,STONE,true,false,false,false,false,true
mossy_cobblestone_stairs,2.0,6.0,11,0,STONE,true,false,false,false,false,true
end_stone_brick_stairs,3.0,9.0,2,0,STONE,true,false,false,false,false,true
stone_stairs,1.5,6.0,11,0,STONE,true,false,false,false,false,true
smooth_sandstone_stairs,2.0,6.0,2,0,STONE,true,false,false,false,false,true
smooth_quartz_stairs,2.0,6.0,14,0,STONE,true,false,false,false,false,true
granite_stairs,1.5,6.0,10,0,STONE,true,false,false,false,false,true
andesite_stairs,1.5,6.0,11,0,STONE,true,false,false,false,false,true
red_nether_brick_stairs,2.0,6.0,35,0,NETHER_BRICKS,true,false,false,false,false,true
polished_andesite_stairs,1.5,6.0,11,0,STONE,true,false,false,false,false,true
diorite_stairs,1.5,6.0,14,0,STONE,true,false,false,false,false,true
polished_granite_slab,1.5,6.0,10,0,STONE,true,false,false,false,false,true
smooth_red_sandstone_slab,2.0,6.0,15,0,STONE,true,false,false,false,false,true
mossy_stone_brick_slab,1.5,6.0,11,0,STONE,true,false,false,false,false,true
polished_diorite_slab,1.5,6.0,14,0,STONE,true,false,false,false,false,true
mossy_cobblestone_slab,2.0,6.0,11,0,STONE,true,false,false,false,false,true
end_stone_brick_slab,3.0,9.0,2,0,STONE,true,false,false,false,false,true
smooth_sandstone_slab,2.0,6.0,2,0,STONE,true,false,false,false,false,true
smooth_quartz_slab,2.0,6.0,14,0,STONE,true,false,false,false,false,true
granite_slab,1.5,6.0,10,0,STONE,true,false,false,false,false,true
andesite_slab,1.5,6.0,11,0,STONE,true,false,false,false,false,true
red_nether_brick_slab,2.0,6.0,35,0,NETHER_BRICKS,true,false,false,false,false,true
polished_andesite_slab,1.5,6.0,11,0,STONE,true,false,false,false,false,true
diorite_slab,1.5,6.0,14,0,STONE,true,false,false,false,false,true
brick_wall,2.0,6.0,28,0,STONE,true,false,false,false,false,true
prismarine_wall,1.5,6.0,23,0,STONE,true,false,false,false,false,true
red_sandstone_wall,0.8,0.8,15,0,STONE,true,false,false,false,false,true
mossy_stone_brick_wall,1.5,6.0,11,0,STONE,true,false,false,false,false,true
granite_wall,1.5,6.0,10,0,STONE,true,false,false,false,false,true
stone_brick_wall,1.5,6.0,11,0,STONE,true,false,false,false,false,true
mud_brick_wall,1.5,3.0,44,0,MUD_BRICKS,true,false,false,false,false,true
nether_brick_wall,2.0,6.0,35,0,NETHER_BRICKS,true,false,false,false,false,true
andesite_wall,1.5,6.0,11,0,STONE,true,false,false,false,false,true
red_nether_brick_wall,2.0,6.0,35,0,NETHER_BRICKS,true,false,false,false,false,true
sandstone_wall,0.8,0.8,2,0,STONE,true,false,false,false,false,true
end_stone_brick_wall,3.0,9.0,2,0,STONE,true,false,false,false,false,true
diorite_wall,1.5,6.0,14,0,STONE,true,false,false,false,false,true
scaffolding,0.0,0.0,2,0,SCAFFOLDING,false,false,false,false,false,false
loom,2.5,2.5,13,0,WOOD,true,false,false,true,false,true
barrel,2.5,2.5,13,0,WOOD,true,false,false,true,false,true
smoker,3.5,3.5,11,0,STONE,true,false,false,false,false,true
blast_furnace,3.5,3.5,11,0,STONE,true,false,false,false,false,true
cartography_table,2.5,2.5,13,0,WOOD,true,false,false,true,false,true
fletching_table,2.5,2.5,13,0,WOOD,true,false,false,true,false,true
grindstone,2.0,6.0,6,0,STONE,true,false,false,false,false,true
lectern,2.5,2.5,13,0,WOOD,true,false,false,true,false,true
smithing_table,2.5,2.5,13,0,WOOD,true,false,false,true,false,true
stonecutter,3.5,3.5,11,0,STONE,true,false,false,false,false,true
bell,5.0,5.0,30,0,ANVIL,true,false,false,false,false,true
lantern,3.5,3.5,6,15,LANTERN,true,false,false,false,false,true
soul_lantern,3.5,3.5,6,10,LANTERN,true,false,false,false,false,true
copper_lantern,3.5,3.5,6,15,LANTERN,true,false,false,false,false,true
exposed_copper_lantern,3.5,3.5,6,15,LANTERN,true,false,false,false,false,true
weathered_copper_lantern,3.5,3.5,6,15,LANTERN,true,false,false,false,false,true
oxidized_copper_lantern,3.5,3.5,6,15,LANTERN,true,false,false,false,false,true
waxed_copper_lantern,3.5,3.5,6,15,LANTERN,true,false,false,false,false,true
waxed_exposed_copper_lantern,3.5,3.5,6,15,LANTERN,true,false,false,false,false,true
waxed_weathered_copper_lantern,3.5,3.5,6,15,LANTERN,true,false,false,false,false,true
waxed_oxidized_copper_lantern,3.5,3.5,6,15,LANTERN,true,false,false,false,false,true
campfire,2.0,2.0,34,15,WOOD,true,false,false,true,false,true
soul_campfire,2.0,2.0,34,10,WOOD,true,false,false,true,false,true
sweet_berry_bush,0.0,0.0,7,0,SWEET_BERRY_BUSH,false,true,false,false,false,false
warped_stem,2.0,2.0,56,0,STEM,true,false,false,false,false,true
stripped_warped_stem,2.0,2.0,56,0,STEM,true,false,false,false,false,true
warped_hyphae,2.0,2.0,57,0,STEM,true,false,false,false,false,true
stripped_warped_hyphae,2.0,2.0,57,0,STEM,true,false,false,false,false,true
warped_nylium,0.4,0.4,55,0,NYLIUM,true,true,false,false,false,true
warped_fungus,0.0,0.0,23,0,FUNGUS,false,false,false,false,false,false
warped_wart_block,1.0,1.0,58,0,WART_BLOCK,true,false,false,false,false,true
warped_roots,0.0,0.0,23,0,ROOTS,false,false,false,false,false,false
nether_sprouts,0.0,0.0,23,0,NETHER_SPROUTS,false,false,false,false,false,false
crimson_stem,2.0,2.0,53,0,STEM,true,false,false,false,false,true
stripped_crimson_stem,2.0,2.0,53,0,STEM,true,false,false,false,false,true
crimson_hyphae,2.0,2.0,54,0,STEM,true,false,false,false,false,true
stripped_crimson_hyphae,2.0,2.0,54,0,STEM,true,false,false,false,false,true
crimson_nylium,0.4,0.4,52,0,NYLIUM,true,true,false,false,false,true
crimson_fungus,0.0,0.0,35,0,FUNGUS,false,false,false,false,false,false
shroomlight,1.0,1.0,28,15,SHROOMLIGHT,true,false,false,false,false,true
weeping_vines,0.0,0.0,35,0,WEEPING_VINES,false,true,false,false,false,false
weeping_vines_plant,0.0,0.0,35,0,WEEPING_VINES,false,false,false,false,false,false
twisting_vines,0.0,0.0,23,0,WEEPING_VINES,false,true,false,false,false,false
twisting_vines_plant,0.0,0.0,23,0,WEEPING_VINES,false,false,false,false,false,false
crimson_roots,0.0,0.0,35,0,ROOTS,false,false,false,false,false,false
crimson_planks,2.0,3.0,53,0,NETHER_WOOD,true,false,false,false,false,true
warped_planks,2.0,3.0,56,0,NETHER_WOOD,true,false,false,false,false,true
crimson_slab,2.0,3.0,53,0,NETHER_WOOD,true,false,false,false,false,true
warped_slab,2.0,3.0,56,0,NETHER_WOOD,true,false,false,false,false,true
crimson_pressure_plate,0.5,0.5,53,0,NETHER_WOOD,false,false,false,false,false,true
warped_pressure_plate,0.5,0.5,56,0,NETHER_WOOD,false,false,false,false,false,true
crimson_fence,2.0,3.0,53,0,NETHER_WOOD,true,false,false,false,false,true
warped_fence,2.0,3.0,56,0,NETHER_WOOD,true,false,false,false,false,true
crimson_trapdoor,3.0,3.0,53,0,NETHER_WOOD,true,false,false,false,false,true
warped_trapdoor,3.0,3.0,56,0,NETHER_WOOD,true,false,false,false,false,true
crimson_fence_gate,2.0,3.0,53,0,NETHER_WOOD,true,false,false,false,false,true
warped_fence_gate,2.0,3.0,56,0,NETHER_WOOD,true,false,false,false,false,true
crimson_stairs,2.0,3.0,53,0,NETHER_WOOD,true,false,false,false,false,true
warped_stairs,2.0,3.0,56,0,NETHER_WOOD,true,false,false,false,false,true
crimson_button,0.5,0.5,0,0,NETHER_WOOD,false,false,false,false,false,false
warped_button,0.5,0.5,0,0,NETHER_WOOD,false,false,false,false,false,false
crimson_door,3.0,3.0,53,0,NETHER_WOOD,true,false,false,false,false,true
warped_door,3.0,3.0,56,0,NETHER_WOOD,true,false,false,false,false,true
crimson_sign,1.0,1.0,53,0,NETHER_WOOD,false,false,false,false,false,true
warped_sign,1.0,1.0,56,0,NETHER_WOOD,false,false,false,false,false,true
crimson_wall_sign,1.0,1.0,53,0,NETHER_WOOD,false,false,false,false,false,true
warped_wall_sign,1.0,1.0,56,0,NETHER_WOOD,false,false,false,false,false,true
structure_block,-1.0,3600000.0,22,0,STONE,true,false,false,false,false,true
jigsaw,-1.0,3600000.0,22,0,STONE,true,false,false,false,false,true
test_block,-1.0,3600000.0,22,0,STONE,true,false,false,false,false,true
test_instance_block,-1.0,3600000.0,0,0,STONE,true,false,false,false,false,true
composter,0.6,0.6,13,0,WOOD,true,false,false,true,false,true
target,0.5,0.5,14,0,GRASS,true,false,false,false,false,true
bee_nest,0.3,0.3,18,0,WOOD,true,false,false,true,false,true
beehive,0.6,0.6,13,0,WOOD,true,false,false,true,false,true
honey_block,0.0,0.0,15,0,HONEY_BLOCK,true,false,false,false,false,true
honeycomb_block,0.6,0.6,15,0,CORAL_BLOCK,true,false,false,false,false,true
netherite_block,50.0,1200.0,29,0,NETHERITE_BLOCK,true,false,false,false,false,true
ancient_debris,30.0,1200.0,29,0,ANCIENT_DEBRIS,true,false,false,false,false,true
crying_obsidian,50.0,1200.0,29,10,STONE,true,false,false,false,false,true
respawn_anchor,50.0,1200.0,29,0,STONE,true,false,false,false,false,true
potted_crimson_fungus,0.0,0.0,0,0,STONE,true,false,false,false,false,false
potted_warped_fungus,0.0,0.0,0,0,STONE,true,false,false,false,false,false
potted_crimson_roots,0.0,0.0,0,0,STONE,true,false,false,false,false,false
potted_warped_roots,0.0,0.0,0,0,STONE,true,false,false,false,false,false
lodestone,3.5,3.5,6,0,LODESTONE,true,false,false,false,false,true
blackstone,1.5,6.0,29,0,STONE,true,false,false,false,false,true
blackstone_stairs,1.5,6.0,29,0,STONE,true,false,false,false,false,true
blackstone_wall,1.5,6.0,29,0,STONE,true,false,false,false,false,true
blackstone_slab,2.0,6.0,29,0,STONE,true,false,false,false,false,true
polished_blackstone,2.0,6.0,29,0,STONE,true,false,false,false,false,true
polished_blackstone_bricks,1.5,6.0,29,0,STONE,true,false,false,false,false,true
cracked_polished_blackstone_bricks,1.5,6.0,29,0,STONE,true,false,false,false,false,true
chiseled_polished_blackstone,1.5,6.0,29,0,STONE,true,false,false,false,false,true
polished_blackstone_brick_slab,2.0,6.0,29,0,STONE,true,false,false,false,false,true
polished_blackstone_brick_stairs,1.5,6.0,29,0,STONE,true,false,false,false,false,true
polished_blackstone_brick_wall,1.5,6.0,29,0,STONE,true,false,false,false,false,true
gilded_blackstone,1.5,6.0,29,0,GILDED_BLACKSTONE,true,false,false,false,false,true
polished_blackstone_stairs,2.0,6.0,29,0,STONE,true,false,false,false,false,true
polished_blackstone_slab,2.0,6.0,29,0,STONE,true,false,false,false,false,true
polished_blackstone_pressure_plate,0.5,0.5,29,0,STONE,false,false,false,false,false,true
polished_blackstone_button,0.5,0.5,0,0,STONE,false,false,false,false,false,false
polished_blackstone_wall,2.0,6.0,29,0,STONE,true,false,false,false,false,true
chiseled_nether_bricks,2.0,6.0,35,0,NETHER_BRICKS,true,false,false,false,false,true
cracked_nether_bricks,2.0,6.0,35,0,NETHER_BRICKS,true,false,false,false,false,true
quartz_bricks,0.8,0.8,14,0,STONE,true,false,false,false,false,true
candle,0.1,0.1,2,0,CANDLE,true,false,false,false,false,false
white_candle,0.1,0.1,3,0,CANDLE,true,false,false,false,false,false
orange_candle,0.1,0.1,15,0,CANDLE,true,false,false,false,false,false
magenta_candle,0.1,0.1,16,0,CANDLE,true,false,false,false,false,false
light_blue_candle,0.1,0.1,17,0,CANDLE,true,false,false,false,false,false
yellow_candle,0.1,0.1,18,0,CANDLE,true,false,false,false,false,false
lime_candle,0.1,0.1,19,0,CANDLE,true,false,false,false,false,false
pink_candle,0.1,0.1,20,0,CANDLE,true,false,false,false,false,false
gray_candle,0.1,0.1,21,0,CANDLE,true,false,false,false,false,false
light_gray_candle,0.1,0.1,22,0,CANDLE,true,false,false,false,false,false
cyan_candle,0.1,0.1,23,0,CANDLE,true,false,false,false,false,false
purple_candle,0.1,0.1,24,0,CANDLE,true,false,false,false,false,false
blue_candle,0.1,0.1,25,0,CANDLE,true,false,false,false,false,false
brown_candle,0.1,0.1,26,0,CANDLE,true,false,false,false,false,false
green_candle,0.1,0.1,27,0,CANDLE,true,false,false,false,false,false
red_candle,0.1,0.1,28,0,CANDLE,true,false,false,false,false,false
black_candle,0.1,0.1,29,0,CANDLE,true,false,false,false,false,false
candle_cake,0.5,0.5,0,0,WOOL,true,false,false,false,false,true
white_candle_cake,0.5,0.5,0,0,WOOL,true,false,false,false,false,true
orange_candle_cake,0.5,0.5,0,0,WOOL,true,false,false,false,false,true
magenta_candle_cake,0.5,0.5,0,0,WOOL,true,false,false,false,false,true
light_blue_candle_cake,0.5,0.5,0,0,WOOL,true,false,false,false,false,true
yellow_candle_cake,0.5,0.5,0,0,WOOL,true,false,false,false,false,true
lime_candle_cake,0.5,0.5,0,0,WOOL,true,false,false,false,false,true
pink_candle_cake,0.5,0.5,0,0,WOOL,true,false,false,false,false,true
gray_candle_cake,0.5,0.5,0,0,WOOL,true,false,false,false,false,true
light_gray_candle_cake,0.5,0.5,0,0,WOOL,true,false,false,false,false,true
cyan_candle_cake,0.5,0.5,0,0,WOOL,true,false,false,false,false,true
purple_candle_cake,0.5,0.5,0,0,WOOL,true,false,false,false,false,true
blue_candle_cake,0.5,0.5,0,0,WOOL,true,false,false,false,false,true
brown_candle_cake,0.5,0.5,0,0,WOOL,true,false,false,false,false,true
green_candle_cake,0.5,0.5,0,0,WOOL,true,false,false,false,false,true
red_candle_cake,0.5,0.5,0,0,WOOL,true,false,false,false,false,true
black_candle_cake,0.5,0.5,0,0,WOOL,true,false,false,false,false,true
amethyst_block,1.5,1.5,24,0,AMETHYST,true,false,false,false,false,true
budding_amethyst,1.5,1.5,24,0,AMETHYST,true,true,false,false,false,true
amethyst_cluster,1.5,1.5,24,5,AMETHYST_CLUSTER,true,false,false,false,false,true
large_amethyst_bud,1.5,1.5,24,4,MEDIUM_AMETHYST_BUD,true,false,false,false,false,true
medium_amethyst_bud,1.5,1.5,24,2,LARGE_AMETHYST_BUD,true,false,false,false,false,true
small_amethyst_bud,1.5,1.5,24,1,SMALL_AMETHYST_BUD,true,false,false,false,false,true
tuff,1.5,6.0,43,0,TUFF,true,false,false,false,false,true
tuff_slab,1.5,6.0,43,0,TUFF,true,false,false,false,false,true
tuff_stairs,1.5,6.0,43,0,TUFF,true,false,false,false,false,true
tuff_wall,1.5,6.0,43,0,TUFF,true,false,false,false,false,true
polished_tuff,1.5,6.0,43,0,POLISHED_TUFF,true,false,false,false,false,true
polished_tuff_slab,1.5,6.0,43,0,POLISHED_TUFF,true,false,false,false,false,true
polished_tuff_stairs,1.5,6.0,43,0,POLISHED_TUFF,true,false,false,false,false,true
polished_tuff_wall,1.5,6.0,43,0,POLISHED_TUFF,true,false,false,false,false,true
chiseled_tuff,1.5,6.0,43,0,TUFF,true,false,false,false,false,true
tuff_bricks,1.5,6.0,43,0,TUFF_BRICKS,true,false,false,false,false,true
tuff_brick_slab,1.5,6.0,43,0,TUFF_BRICKS,true,false,false,false,false,true
tuff_brick_stairs,1.5,6.0,43,0,TUFF_BRICKS,true,false,false,false,false,true
tuff_brick_wall,1.5,6.0,43,0,TUFF_BRICKS,true,false,false,false,false,true
chiseled_tuff_bricks,1.5,6.0,43,0,TUFF_BRICKS,true,false,false,false,false,true
calcite,0.75,0.75,36,0,CALCITE,true,false,false,false,false,true
tinted_glass,0.3,0.3,21,0,GLASS,true,false,false,false,false,true
powder_snow,0.25,0.25,8,0,POWDER_SNOW,true,false,false,false,false,false
sculk_sensor,1.5,1.5,23,1,SCULK_SENSOR,true,false,false,false,false,true
calibrated_sculk_sensor,1.5,1.5,23,1,SCULK_SENSOR,true,false,false,false,false,true
sculk,0.2,0.2,29,0,SCULK,true,false,false,false,false,true
sculk_vein,0.2,0.2,29,0,SCULK_VEIN,false,false,false,false,false,true
sculk_catalyst,3.0,3.0,29,6,SCULK_CATALYST,true,false,false,false,false,true
sculk_shrieker,3.0,3.0,29,0,SCULK_SHRIEKER,true,false,false,false,false,true
copper_block,3.0,6.0,15,0,COPPER,true,false,false,false,false,true
exposed_copper,3.0,6.0,44,0,COPPER,true,false,false,false,false,true
weathered_copper,3.0,6.0,56,0,COPPER,true,false,false,false,false,true
oxidized_copper,3.0,6.0,55,0,COPPER,true,false,false,false,false,true
copper_ore,3.0,3.0,11,0,STONE,true,false,false,false,false,true
deepslate_copper_ore,4.5,3.0,59,0,DEEPSLATE,true,false,false,false,false,true
oxidized_cut_copper,3.0,6.0,55,0,COPPER,true,false,false,false,false,true
weathered_cut_copper,3.0,6.0,56,0,COPPER,true,false,false,false,false,true
exposed_cut_copper,3.0,6.0,44,0,COPPER,true,false,false,false,false,true
cut_copper,3.0,6.0,15,0,COPPER,true,false,false,false,false,true
oxidized_chiseled_copper,3.0,6.0,55,0,COPPER,true,false,false,false,false,true
weathered_chiseled_copper,3.0,6.0,56,0,COPPER,true,false,false,false,false,true
exposed_chiseled_copper,3.0,6.0,44,0,COPPER,true,false,false,false,false,true
chiseled_copper,3.0,6.0,15,0,COPPER,true,false,false,false,false,true
waxed_oxidized_chiseled_copper,3.0,6.0,55,0,COPPER,true,false,false,false,false,true
waxed_weathered_chiseled_copper,3.0,6.0,56,0,COPPER,true,false,false,false,false,true
waxed_exposed_chiseled_copper,3.0,6.0,44,0,COPPER,true,false,false,false,false,true
waxed_chiseled_copper,3.0,6.0,15,0,COPPER,true,false,false,false,false,true
oxidized_cut_copper_stairs,3.0,6.0,55,0,COPPER,true,false,false,false,false,true
weathered_cut_copper_stairs,3.0,6.0,56,0,COPPER,true,false,false,false,false,true
exposed_cut_copper_stairs,3.0,6.0,44,0,COPPER,true,false,false,false,false,true
cut_copper_stairs,3.0,6.0,15,0,COPPER,true,false,false,false,false,true
oxidized_cut_copper_slab,3.0,6.0,55,0,COPPER,true,false,false,false,false,true
weathered_cut_copper_slab,3.0,6.0,56,0,COPPER,true,false,false,false,false,true
exposed_cut_copper_slab,3.0,6.0,44,0,COPPER,true,false,false,false,false,true
cut_copper_slab,3.0,6.0,15,0,COPPER,true,false,false,false,false,true
waxed_copper_block,3.0,6.0,15,0,COPPER,true,false,false,false,false,true
waxed_weathered_copper,3.0,6.0,56,0,COPPER,true,false,false,false,false,true
waxed_exposed_copper,3.0,6.0,44,0,COPPER,true,false,false,false,false,true
waxed_oxidized_copper,3.0,6.0,55,0,COPPER,true,false,false,false,false,true
waxed_oxidized_cut_copper,3.0,6.0,55,0,COPPER,true,false,false,false,false,true
waxed_weathered_cut_copper,3.0,6.0,56,0,COPPER,true,false,false,false,false,true
waxed_exposed_cut_copper,3.0,6.0,44,0,COPPER,true,false,false,false,false,true
waxed_cut_copper,3.0,6.0,15,0,COPPER,true,false,false,false,false,true
waxed_oxidized_cut_copper_stairs,3.0,6.0,55,0,COPPER,true,false,false,false,false,true
waxed_weathered_cut_copper_stairs,3.0,6.0,56,0,COPPER,true,false,false,false,false,true
waxed_exposed_cut_copper_stairs,3.0,6.0,44,0,COPPER,true,false,false,false,false,true
waxed_cut_copper_stairs,3.0,6.0,15,0,COPPER,true,false,false,false,false,true
waxed_oxidized_cut_copper_slab,3.0,6.0,55,0,COPPER,true,false,false,false,false,true
waxed_weathered_cut_copper_slab,3.0,6.0,56,0,COPPER,true,false,false,false,false,true
waxed_exposed_cut_copper_slab,3.0,6.0,44,0,COPPER,true,false,false,false,false,true
waxed_cut_copper_slab,3.0,6.0,15,0,COPPER,true,false,false,false,false,true
copper_door,3.0,6.0,15,0,COPPER,true,false,false,false,false,true
exposed_copper_door,3.0,6.0,44,0,COPPER,true,false,false,false,false,true
oxidized_copper_door,3.0,6.0,55,0,COPPER,true,false,false,false,false,true
weathered_copper_door,3.0,6.0,56,0,COPPER,true,false,false,false,false,true
waxed_copper_door,3.0,6.0,15,0,COPPER,true,false,false,false,false,true
waxed_exposed_copper_door,3.0,6.0,44,0,COPPER,true,false,false,false,false,true
waxed_oxidized_copper_door,3.0,6.0,55,0,COPPER,true,false,false,false,false,true
waxed_weathered_copper_door,3.0,6.0,56,0,COPPER,true,false,false,false,false,true
copper_trapdoor,3.0,6.0,15,0,COPPER,true,false,false,false,false,true
exposed_copper_trapdoor,3.0,6.0,44,0,COPPER,true,false,false,false,false,true
oxidized_copper_trapdoor,3.0,6.0,55,0,COPPER,true,false,false,false,false,true
weathered_copper_trapdoor,3.0,6.0,56,0,COPPER,true,false,false,false,false,true
waxed_copper_trapdoor,3.0,6.0,15,0,COPPER,true,false,false,false,false,true
waxed_exposed_copper_trapdoor,3.0,6.0,44,0,COPPER,true,false,false,false,false,true
waxed_oxidized_copper_trapdoor,3.0,6.0,55,0,COPPER,true,false,false,false,false,true
waxed_weathered_copper_trapdoor,3.0,6.0,56,0,COPPER,true,false,false,false,false,true
copper_grate,3.0,6.0,15,0,COPPER_GRATE,true,false,false,false,false,true
exposed_copper_grate,3.0,6.0,44,0,COPPER_GRATE,true,false,false,false,false,true
weathered_copper_grate,3.0,6.0,56,0,COPPER_GRATE,true,false,false,false,false,true
oxidized_copper_grate,3.0,6.0,55,0,COPPER_GRATE,true,false,false,false,false,true
waxed_copper_grate,3.0,6.0,15,0,COPPER_GRATE,true,false,false,false,false,true
waxed_exposed_copper_grate,3.0,6.0,44,0,COPPER_GRATE,true,false,false,false,false,true
waxed_weathered_copper_grate,3.0,6.0,56,0,COPPER_GRATE,true,false,false,false,false,true
waxed_oxidized_copper_grate,3.0,6.0,55,0,COPPER_GRATE,true,false,false,false,false,true
copper_bulb,3.0,6.0,15,0,COPPER_BULB,true,false,false,false,false,true
exposed_copper_bulb,3.0,6.0,44,0,COPPER_BULB,true,false,false,false,false,true
weathered_copper_bulb,3.0,6.0,56,0,COPPER_BULB,true,false,false,false,false,true
oxidized_copper_bulb,3.0,6.0,55,0,COPPER_BULB,true,false,false,false,false,true
waxed_copper_bulb,3.0,6.0,15,0,COPPER_BULB,true,false,false,false,false,true
waxed_exposed_copper_bulb,3.0,6.0,44,0,COPPER_BULB,true,false,false,false,false,true
waxed_weathered_copper_bulb,3.0,6.0,56,0,COPPER_BULB,true,false,false,false,false,true
waxed_oxidized_copper_bulb,3.0,6.0,55,0,COPPER_BULB,true,false,false,false,false,true
copper_chest,3.0,6.0,15,0,COPPER,true,false,false,false,false,true
exposed_copper_chest,3.0,6.0,44,0,COPPER,true,false,false,false,false,true
weathered_copper_chest,3.0,6.0,56,0,COPPER,true,false,false,false,false,true
oxidized_copper_chest,3.0,6.0,55,0,COPPER,true,false,false,false,false,true
waxed_copper_chest,3.0,6.0,15,0,COPPER,true,false,false,false,false,true
waxed_exposed_copper_chest,3.0,6.0,44,0,COPPER,true,false,false,false,false,true
waxed_weathered_copper_chest,3.0,6.0,56,0,COPPER,true,false,false,false,false,true
waxed_oxidized_copper_chest,3.0,6.0,55,0,COPPER,true,false,false,false,false,true
copper_golem_statue,3.0,6.0,15,0,COPPER_GOLEM_STATUE,true,false,false,false,false,false
exposed_copper_golem_statue,3.0,6.0,44,0,COPPER_GOLEM_STATUE,true,false,false,false,false,false
weathered_copper_golem_statue,3.0,6.0,56,0,COPPER_GOLEM_STATUE,true,false,false,false,false,false
oxidized_copper_golem_statue,3.0,6.0,55,0,COPPER_GOLEM_STATUE,true,false,false,false,false,false
waxed_copper_golem_statue,3.0,6.0,15,0,COPPER_GOLEM_STATUE,true,false,false,false,false,false
waxed_exposed_copper_golem_statue,3.0,6.0,44,0,COPPER_GOLEM_STATUE,true,false,false,false,false,false
waxed_weathered_copper_golem_statue,3.0,6.0,56,0,COPPER_GOLEM_STATUE,true,false,false,false,false,false
waxed_oxidized_copper_golem_statue,3.0,6.0,55,0,COPPER_GOLEM_STATUE,true,false,false,false,false,false
lightning_rod,3.0,6.0,15,0,COPPER,true,false,false,false,false,true
exposed_lightning_rod,3.0,6.0,44,0,COPPER,true,false,false,false,false,true
weathered_lightning_rod,3.0,6.0,56,0,COPPER,true,false,false,false,false,true
oxidized_lightning_rod,3.0,6.0,55,0,COPPER,true,false,false,false,false,true
waxed_lightning_rod,3.0,6.0,15,0,COPPER,true,false,false,false,false,true
waxed_exposed_lightning_rod,3.0,6.0,44,0,COPPER,true,false,false,false,false,true
waxed_weathered_lightning_rod,3.0,6.0,56,0,COPPER,true,false,false,false,false,true
waxed_oxidized_lightning_rod,3.0,6.0,55,0,COPPER,true,false,false,false,false,true
pointed_dripstone,1.5,3.0,48,0,POINTED_DRIPSTONE,true,true,false,false,false,true
dripstone_block,1.5,1.0,48,0,DRIPSTONE_BLOCK,true,false,false,false,false,true
cave_vines,0.0,0.0,7,0,CAVE_VINES,false,true,false,false,false,false
cave_vines_plant,0.0,0.0,7,0,CAVE_VINES,false,false,false,false,false,false
spore_blossom,0.0,0.0,7,0,SPORE_BLOSSOM,false,false,false,false,false,false
azalea,0.0,0.0,7,0,AZALEA,true,false,false,false,false,false
flowering_azalea,0.0,0.0,7,0,FLOWERING_AZALEA,true,false,false,false,false,false
moss_carpet,0.1,0.1,27,0,MOSS_CARPET,true,false,false,false,false,false
pink_petals,0.0,0.0,7,0,PINK_PETALS,false,false,false,false,false,false
wildflowers,0.0,0.0,7,0,PINK_PETALS,false,false,false,false,false,false
leaf_litter,0.0,0.0,26,0,LEAF_LITTER,false,false,false,false,false,false
moss_block,0.1,0.1,27,0,MOSS,true,false,false,false,false,true
big_dripleaf,0.1,0.1,7,0,BIG_DRIPLEAF,true,false,false,false,false,false
big_dripleaf_stem,0.1,0.1,7,0,BIG_DRIPLEAF,false,false,false,false,false,false
small_dripleaf,0.0,0.0,7,0,SMALL_DRIPLEAF,false,false,false,false,false,false
hanging_roots,0.0,0.0,10,0,HANGING_ROOTS,false,false,false,true,false,false
rooted_dirt,0.5,0.5,10,0,ROOTED_DIRT,true,false,false,false,false,true
mud,0.5,0.5,45,0,MUD,true,false,false,false,false,true
deepslate,3.0,6.0,59,0,DEEPSLATE,true,false,false,false,false,true
cobbled_deepslate,3.5,6.0,59,0,DEEPSLATE,true,false,false,false,false,true
cobbled_deepslate_stairs,3.5,6.0,59,0,DEEPSLATE,true,false,false,false,false,true
cobbled_deepslate_slab,3.5,6.0,59,0,DEEPSLATE,true,false,false,false,false,true
cobbled_deepslate_wall,3.5,6.0,59,0,DEEPSLATE,true,false,false,false,false,true
polished_deepslate,3.5,6.0,59,0,POLISHED_DEEPSLATE,true,false,false,false,false,true
polished_deepslate_stairs,3.5,6.0,59,0,POLISHED_DEEPSLATE,true,false,false,false,false,true
polished_deepslate_slab,3.5,6.0,59,0,POLISHED_DEEPSLATE,true,false,false,false,false,true
polished_deepslate_wall,3.5,6.0,59,0,POLISHED_DEEPSLATE,true,false,false,false,false,true
deepslate_tiles,3.5,6.0,59,0,DEEPSLATE_TILES,true,false,false,false,false,true
deepslate_tile_stairs,3.5,6.0,59,0,DEEPSLATE_TILES,true,false,false,false,false,true
deepslate_tile_slab,3.5,6.0,59,0,DEEPSLATE_TILES,true,false,false,false,false,true
deepslate_tile_wall,3.5,6.0,59,0,DEEPSLATE_TILES,true,false,false,false,false,true
deepslate_bricks,3.5,6.0,59,0,DEEPSLATE_BRICKS,true,false,false,false,false,true
deepslate_brick_stairs,3.5,6.0,59,0,DEEPSLATE_BRICKS,true,false,false,false,false,true
deepslate_brick_slab,3.5,6.0,59,0,DEEPSLATE_BRICKS,true,false,false,false,false,true
deepslate_brick_wall,3.5,6.0,59,0,DEEPSLATE_BRICKS,true,false,false,false,false,true
chiseled_deepslate,3.5,6.0,59,0,DEEPSLATE_BRICKS,true,false,false,false,false,true
cracked_deepslate_bricks,3.5,6.0,59,0,DEEPSLATE_BRICKS,true,false,false,false,false,true
cracked_deepslate_tiles,3.5,6.0,59,0,DEEPSLATE_TILES,true,false,false,false,false,true
infested_deepslate,1.5,0.75,59,0,DEEPSLATE,true,false,false,false,false,true
smooth_basalt,1.25,4.2,29,0,BASALT,true,false,false,false,false,true
raw_iron_block,5.0,6.0,60,0,STONE,true,false,false,false,false,true
raw_copper_block,5.0,6.0,15,0,STONE,true,false,false,false,false,true
raw_gold_block,5.0,6.0,30,0,STONE,true,false,false,false,false,true
potted_azalea_bush,0.0,0.0,0,0,STONE,true,false,false,false,false,false
potted_flowering_azalea_bush,0.0,0.0,0,0,STONE,true,false,false,false,false,false
ochre_froglight,0.3,0.3,2,15,FROGLIGHT,true,false,false,false,false,true
verdant_froglight,0.3,0.3,61,15,FROGLIGHT,true,false,false,false,false,true
pearlescent_froglight,0.3,0.3,20,15,FROGLIGHT,true,false,false,false,false,true
frogspawn,0.0,0.0,12,0,FROGSPAWN,false,false,false,false,false,false
reinforced_deepslate,55.0,1200.0,59,0,DEEPSLATE,true,false,false,false,false,true
decorated_pot,0.0,0.0,50,0,STONE,true,false,false,false,false,true
crafter,1.5,3.5,11,0,STONE,true,false,false,false,false,true
trial_spawner,50.0,50.0,11,0,TRIAL_SPAWNER,true,false,false,false,false,true
vault,50.0,50.0,11,6,VAULT,true,false,false,false,false,true
heavy_core,10.0,1200.0,6,0,HEAVY_CORE,true,false,false,false,false,false
pale_moss_block,0.1,0.1,22,0,MOSS,true,false,false,true,false,true
pale_moss_carpet,0.1,0.1,22,0,MOSS_CARPET,true,false,false,true,false,false
pale_hanging_moss,0.0,0.0,22,0,MOSS_CARPET,false,false,false,true,false,false
open_eyeblossom,0.0,0.0,15,0,GRASS,false,true,false,false,false,false
closed_eyeblossom,0.0,0.0,6,0,GRASS,false,true,false,false,false,false
potted_open_eyeblossom,0.0,0.0,0,0,STONE,true,true,false,false,false,false
potted_closed_eyeblossom,0.0,0.0,0,0,STONE,true,true,false,false,false,false
firefly_bush,0.0,0.0,7,2,SWEET_BERRY_BUSH,false,false,false,true,false,false
