building,1,oak_log
building,2,oak_wood
building,3,stripped_oak_log
building,4,stripped_oak_wood
building,5,oak_planks
building,6,oak_stairs
building,7,oak_slab
building,8,oak_fence
building,9,oak_fence_gate
building,10,oak_door
building,11,oak_trapdoor
building,12,oak_pressure_plate
building,13,oak_button
building,14,spruce_log
building,15,spruce_wood
building,16,stripped_spruce_log
building,17,stripped_spruce_wood
building,18,spruce_planks
building,19,spruce_stairs
building,20,spruce_slab
building,21,spruce_fence
building,22,spruce_fence_gate
building,23,spruce_door
building,24,spruce_trapdoor
building,25,spruce_pressure_plate
building,26,spruce_button
building,27,birch_log
building,28,birch_wood
building,29,stripped_birch_log
building,30,stripped_birch_wood
building,31,birch_planks
building,32,birch_stairs
building,33,birch_slab
building,34,birch_fence
building,35,birch_fence_gate
building,36,birch_door
building,37,birch_trapdoor
building,38,birch_pressure_plate
building,39,birch_button
building,40,jungle_log
building,41,jungle_wood
building,42,stripped_jungle_log
building,43,stripped_jungle_wood
building,44,jungle_planks
building,45,jungle_stairs
building,46,jungle_slab
building,47,jungle_fence
building,48,jungle_fence_gate
building,49,jungle_door
building,50,jungle_trapdoor
building,51,jungle_pressure_plate
building,52,jungle_button
building,53,acacia_log
building,54,acacia_wood
building,55,stripped_acacia_log
building,56,stripped_acacia_wood
building,57,acacia_planks
building,58,acacia_stairs
building,59,acacia_slab
building,60,acacia_fence
building,61,acacia_fence_gate
building,62,acacia_door
building,63,acacia_trapdoor
building,64,acacia_pressure_plate
building,65,acacia_button
building,66,dark_oak_log
building,67,dark_oak_wood
building,68,stripped_dark_oak_log
building,69,stripped_dark_oak_wood
building,70,dark_oak_planks
building,71,dark_oak_stairs
building,72,dark_oak_slab
building,73,dark_oak_fence
building,74,dark_oak_fence_gate
building,75,dark_oak_door
building,76,dark_oak_trapdoor
building,77,dark_oak_pressure_plate
building,78,dark_oak_button
building,79,mangrove_log
building,80,mangrove_wood
building,81,stripped_mangrove_log
building,82,stripped_mangrove_wood
building,83,mangrove_planks
building,84,mangrove_stairs
building,85,mangrove_slab
building,86,mangrove_fence
building,87,mangrove_fence_gate
building,88,mangrove_door
building,89,mangrove_trapdoor
building,90,mangrove_pressure_plate
building,91,mangrove_button
building,92,cherry_log
building,93,cherry_wood
building,94,stripped_cherry_log
building,95,stripped_cherry_wood
building,96,cherry_planks
building,97,cherry_stairs
building,98,cherry_slab
building,99,cherry_fence
building,100,cherry_fence_gate
building,101,cherry_door
building,102,cherry_trapdoor
building,103,cherry_pressure_plate
building,104,cherry_button
building,105,pale_oak_log
building,106,pale_oak_wood
building,107,stripped_pale_oak_log
building,108,stripped_pale_oak_wood
building,109,pale_oak_planks
building,110,pale_oak_stairs
building,111,pale_oak_slab
building,112,pale_oak_fence
building,113,pale_oak_fence_gate
building,114,pale_oak_door
building,115,pale_oak_trapdoor
building,116,pale_oak_pressure_plate
building,117,pale_oak_button
building,118,bamboo_block
building,119,stripped_bamboo_block
building,120,bamboo_planks
building,121,bamboo_mosaic
building,122,bamboo_stairs
building,123,bamboo_mosaic_stairs
building,124,bamboo_slab
building,125,bamboo_mosaic_slab
building,126,bamboo_fence
building,127,bamboo_fence_gate
building,128,bamboo_door
building,129,bamboo_trapdoor
building,130,bamboo_pressure_plate
building,131,bamboo_button
building,132,crimson_stem
building,133,crimson_hyphae
building,134,stripped_crimson_stem
building,135,stripped_crimson_hyphae
building,136,crimson_planks
building,137,crimson_stairs
building,138,crimson_slab
building,139,crimson_fence
building,140,crimson_fence_gate
building,141,crimson_door
building,142,crimson_trapdoor
building,143,crimson_pressure_plate
building,144,crimson_button
building,145,warped_stem
building,146,warped_hyphae
building,147,stripped_warped_stem
building,148,stripped_warped_hyphae
building,149,warped_planks
building,150,warped_stairs
building,151,warped_slab
building,152,warped_fence
building,153,warped_fence_gate
building,154,warped_door
building,155,warped_trapdoor
building,156,warped_pressure_plate
building,157,warped_button
building,158,stone
building,159,stone_stairs
building,160,stone_slab
building,161,stone_pressure_plate
building,162,stone_button
building,163,cobblestone
building,164,cobblestone_stairs
building,165,cobblestone_slab
building,166,cobblestone_wall
building,167,mossy_cobblestone
building,168,mossy_cobblestone_stairs
building,169,mossy_cobblestone_slab
building,170,mossy_cobblestone_wall
building,171,smooth_stone
building,172,smooth_stone_slab
building,173,stone_bricks
building,174,cracked_stone_bricks
building,175,stone_brick_stairs
building,176,stone_brick_slab
building,177,stone_brick_wall
building,178,chiseled_stone_bricks
building,179,mossy_stone_bricks
building,180,mossy_stone_brick_stairs
building,181,mossy_stone_brick_slab
building,182,mossy_stone_brick_wall
building,183,granite
building,184,granite_stairs
building,185,granite_slab
building,186,granite_wall
building,187,polished_granite
building,188,polished_granite_stairs
building,189,polished_granite_slab
building,190,diorite
building,191,diorite_stairs
building,192,diorite_slab
building,193,diorite_wall
building,194,polished_diorite
building,195,polished_diorite_stairs
building,196,polished_diorite_slab
building,197,andesite
building,198,andesite_stairs
building,199,andesite_slab
building,200,andesite_wall
building,201,polished_andesite
building,202,polished_andesite_stairs
building,203,polished_andesite_slab
building,204,deepslate
building,205,cobbled_deepslate
building,206,cobbled_deepslate_stairs
building,207,cobbled_deepslate_slab
building,208,cobbled_deepslate_wall
building,209,chiseled_deepslate
building,210,polished_deepslate
building,211,polished_deepslate_stairs
building,212,polished_deepslate_slab
building,213,polished_deepslate_wall
building,214,deepslate_bricks
building,215,cracked_deepslate_bricks
building,216,deepslate_brick_stairs
building,217,deepslate_brick_slab
building,218,deepslate_brick_wall
building,219,deepslate_tiles
building,220,cracked_deepslate_tiles
building,221,deepslate_tile_stairs
building,222,deepslate_tile_slab
building,223,deepslate_tile_wall
building,224,reinforced_deepslate
building,225,tuff
building,226,tuff_stairs
building,227,tuff_slab
building,228,tuff_wall
building,229,chiseled_tuff
building,230,polished_tuff
building,231,polished_tuff_stairs
building,232,polished_tuff_slab
building,233,polished_tuff_wall
building,234,tuff_bricks
building,235,tuff_brick_stairs
building,236,tuff_brick_slab
building,237,tuff_brick_wall
building,238,chiseled_tuff_bricks
building,239,bricks
building,240,brick_stairs
building,241,brick_slab
building,242,brick_wall
building,243,packed_mud
building,244,mud_bricks
building,245,mud_brick_stairs
building,246,mud_brick_slab
building,247,mud_brick_wall
building,248,resin_bricks
building,249,resin_brick_stairs
building,250,resin_brick_slab
building,251,resin_brick_wall
building,252,chiseled_resin_bricks
building,253,sandstone
building,254,sandstone_stairs
building,255,sandstone_slab
building,256,sandstone_wall
building,257,chiseled_sandstone
building,258,smooth_sandstone
building,259,smooth_sandstone_stairs
building,260,smooth_sandstone_slab
building,261,cut_sandstone
building,262,cut_sandstone_slab
building,263,red_sandstone
building,264,red_sandstone_stairs
building,265,red_sandstone_slab
building,266,red_sandstone_wall
building,267,chiseled_red_sandstone
building,268,smooth_red_sandstone
building,269,smooth_red_sandstone_stairs
building,270,smooth_red_sandstone_slab
building,271,cut_red_sandstone
building,272,cut_red_sandstone_slab
building,273,sea_lantern
building,274,prismarine
building,275,prismarine_stairs
building,276,prismarine_slab
building,277,prismarine_wall
building,278,prismarine_bricks
building,279,prismarine_brick_stairs
building,280,prismarine_brick_slab
building,281,dark_prismarine
building,282,dark_prismarine_stairs
building,283,dark_prismarine_slab
building,284,netherrack
building,285,nether_bricks
building,286,cracked_nether_bricks
building,287,nether_brick_stairs
building,288,nether_brick_slab
building,289,nether_brick_wall
building,290,nether_brick_fence
building,291,chiseled_nether_bricks
building,292,red_nether_bricks
building,293,red_nether_brick_stairs
building,294,red_nether_brick_slab
building,295,red_nether_brick_wall
building,296,basalt
building,297,smooth_basalt
building,298,polished_basalt
building,299,blackstone
building,300,gilded_blackstone
building,301,blackstone_stairs
building,302,blackstone_slab
building,303,blackstone_wall
building,304,chiseled_polished_blackstone
building,305,polished_blackstone
building,306,polished_blackstone_stairs
building,307,polished_blackstone_slab
building,308,polished_blackstone_wall
building,309,polished_blackstone_pressure_plate
building,310,polished_blackstone_button
building,311,polished_blackstone_bricks
building,312,cracked_polished_blackstone_bricks
building,313,polished_blackstone_brick_stairs
building,314,polished_blackstone_brick_slab
building,315,polished_blackstone_brick_wall
building,316,end_stone
building,317,end_stone_bricks
building,318,end_stone_brick_stairs
building,319,end_stone_brick_slab
building,320,end_stone_brick_wall
building,321,purpur_block
building,322,purpur_pillar
building,323,purpur_stairs
building,324,purpur_slab
building,325,coal_block
building,326,iron_block
building,327,iron_bars
building,328,iron_door
building,329,iron_trapdoor
building,330,heavy_weighted_pressure_plate
building,331,iron_chain
building,332,gold_block
building,333,light_weighted_pressure_plate
building,334,redstone_block
building,335,emerald_block
building,336,lapis_block
building,337,diamond_block
building,338,netherite_block
building,339,quartz_block
building,340,quartz_stairs
building,341,quartz_slab
building,342,chiseled_quartz_block
building,343,quartz_bricks
building,344,quartz_pillar
building,345,smooth_quartz
building,346,smooth_quartz_stairs
building,347,smooth_quartz_slab
building,348,amethyst_block
building,349,copper_block
building,350,chiseled_copper
building,351,copper_grate
building,352,cut_copper
building,353,cut_copper_stairs
building,354,cut_copper_slab
building,355,copper_bars
building,356,copper_door
building,357,copper_trapdoor
building,358,copper_bulb
building,359,copper_chain
building,360,exposed_copper
building,361,exposed_chiseled_copper
building,362,exposed_copper_grate
building,363,exposed_cut_copper
building,364,exposed_cut_copper_stairs
building,365,exposed_cut_copper_slab
building,366,exposed_copper_bars
building,367,exposed_copper_door
building,368,exposed_copper_trapdoor
building,369,exposed_copper_bulb
building,370,exposed_copper_chain
building,371,weathered_copper
building,372,weathered_chiseled_copper
building,373,weathered_copper_grate
building,374,weathered_cut_copper
building,375,weathered_cut_copper_stairs
building,376,weathered_cut_copper_slab
building,377,weathered_copper_bars
building,378,weathered_copper_door
building,379,weathered_copper_trapdoor
building,380,weathered_copper_bulb
building,381,weathered_copper_chain
building,382,oxidized_copper
building,383,oxidized_chiseled_copper
building,384,oxidized_copper_grate
building,385,oxidized_cut_copper
building,386,oxidized_cut_copper_stairs
building,387,oxidized_cut_copper_slab
building,388,oxidized_copper_bars
building,389,oxidized_copper_door
building,390,oxidized_copper_trapdoor
building,391,oxidized_copper_bulb
building,392,oxidized_copper_chain
building,393,waxed_copper_block
building,394,waxed_chiseled_copper
building,395,waxed_copper_grate
building,396,waxed_cut_copper
building,397,waxed_cut_copper_stairs
building,398,waxed_cut_copper_slab
building,399,waxed_copper_bars
building,400,waxed_copper_door
building,401,waxed_copper_trapdoor
building,402,waxed_copper_bulb
building,403,waxed_copper_chain
building,404,waxed_exposed_copper
building,405,waxed_exposed_chiseled_copper
building,406,waxed_exposed_copper_grate
building,407,waxed_exposed_cut_copper
building,408,waxed_exposed_cut_copper_stairs
building,409,waxed_exposed_cut_copper_slab
building,410,waxed_exposed_copper_bars
building,411,waxed_exposed_copper_door
building,412,waxed_exposed_copper_trapdoor
building,413,waxed_exposed_copper_bulb
building,414,waxed_exposed_copper_chain
building,415,waxed_weathered_copper
building,416,waxed_weathered_chiseled_copper
building,417,waxed_weathered_copper_grate
building,418,waxed_weathered_cut_copper
building,419,waxed_weathered_cut_copper_stairs
building,420,waxed_weathered_cut_copper_slab
building,421,waxed_weathered_copper_bars
building,422,waxed_weathered_copper_door
building,423,waxed_weathered_copper_trapdoor
building,424,waxed_weathered_copper_bulb
building,425,waxed_weathered_copper_chain
building,426,waxed_oxidized_copper
building,427,waxed_oxidized_chiseled_copper
building,428,waxed_oxidized_copper_grate
building,429,waxed_oxidized_cut_copper
building,430,waxed_oxidized_cut_copper_stairs
building,431,waxed_oxidized_cut_copper_slab
building,432,waxed_oxidized_copper_bars
building,433,waxed_oxidized_copper_door
building,434,waxed_oxidized_copper_trapdoor
building,435,waxed_oxidized_copper_bulb
building,436,waxed_oxidized_copper_chain
colored,1,white_wool
colored,2,light_gray_wool
colored,3,gray_wool
colored,4,black_wool
colored,5,brown_wool
colored,6,red_wool
colored,7,orange_wool
colored,8,yellow_wool
colored,9,lime_wool
colored,10,green_wool
colored,11,cyan_wool
colored,12,light_blue_wool
colored,13,blue_wool
colored,14,purple_wool
colored,15,magenta_wool
colored,16,pink_wool
colored,17,white_carpet
colored,18,light_gray_carpet
colored,19,gray_carpet
colored,20,black_carpet
colored,21,brown_carpet
colored,22,red_carpet
colored,23,orange_carpet
colored,24,yellow_carpet
colored,25,lime_carpet
colored,26,green_carpet
colored,27,cyan_carpet
colored,28,light_blue_carpet
colored,29,blue_carpet
colored,30,purple_carpet
colored,31,magenta_carpet
colored,32,pink_carpet
colored,33,terracotta
colored,34,white_terracotta
colored,35,light_gray_terracotta
colored,36,gray_terracotta
colored,37,black_terracotta
colored,38,brown_terracotta
colored,39,red_terracotta
colored,40,orange_terracotta
colored,41,yellow_terracotta
colored,42,lime_terracotta
colored,43,green_terracotta
colored,44,cyan_terracotta
colored,45,light_blue_terracotta
colored,46,blue_terracotta
colored,47,purple_terracotta
colored,48,magenta_terracotta
colored,49,pink_terracotta
colored,50,white_concrete
colored,51,light_gray_concrete
colored,52,gray_concrete
colored,53,black_concrete
colored,54,brown_concrete
colored,55,red_concrete
colored,56,orange_concrete
colored,57,yellow_concrete
colored,58,lime_concrete
colored,59,green_concrete
colored,60,cyan_concrete
colored,61,light_blue_concrete
colored,62,blue_concrete
colored,63,purple_concrete
colored,64,magenta_concrete
colored,65,pink_concrete
colored,66,white_concrete_powder
colored,67,light_gray_concrete_powder
colored,68,gray_concrete_powder
colored,69,black_concrete_powder
colored,70,brown_concrete_powder
colored,71,red_concrete_powder
colored,72,orange_concrete_powder
colored,73,yellow_concrete_powder
colored,74,lime_concrete_powder
colored,75,green_concrete_powder
colored,76,cyan_concrete_powder
colored,77,light_blue_concrete_powder
colored,78,blue_concrete_powder
colored,79,purple_concrete_powder
colored,80,magenta_concrete_powder
colored,81,pink_concrete_powder
colored,82,white_glazed_terracotta
colored,83,light_gray_glazed_terracotta
colored,84,gray_glazed_terracotta
colored,85,black_glazed_terracotta
colored,86,brown_glazed_terracotta
colored,87,red_glazed_terracotta
colored,88,orange_glazed_terracotta
colored,89,yellow_glazed_terracotta
colored,90,lime_glazed_terracotta
colored,91,green_glazed_terracotta
colored,92,cyan_glazed_terracotta
colored,93,light_blue_glazed_terracotta
colored,94,blue_glazed_terracotta
colored,95,purple_glazed_terracotta
colored,96,magenta_glazed_terracotta
colored,97,pink_glazed_terracotta
colored,98,glass
colored,99,tinted_glass
colored,100,white_stained_glass
colored,101,light_gray_stained_glass
colored,102,gray_stained_glass
colored,103,black_stained_glass
colored,104,brown_stained_glass
colored,105,red_stained_glass
colored,106,orange_stained_glass
colored,107,yellow_stained_glass
colored,108,lime_stained_glass
colored,109,green_stained_glass
colored,110,cyan_stained_glass
colored,111,light_blue_stained_glass
colored,112,blue_stained_glass
colored,113,purple_stained_glass
colored,114,magenta_stained_glass
colored,115,pink_stained_glass
colored,116,glass_pane
colored,117,white_stained_glass_pane
colored,118,light_gray_stained_glass_pane
colored,119,gray_stained_glass_pane
colored,120,black_stained_glass_pane
colored,121,brown_stained_glass_pane
colored,122,red_stained_glass_pane
colored,123,orange_stained_glass_pane
colored,124,yellow_stained_glass_pane
colored,125,lime_stained_glass_pane
colored,126,green_stained_glass_pane
colored,127,cyan_stained_glass_pane
colored,128,light_blue_stained_glass_pane
colored,129,blue_stained_glass_pane
colored,130,purple_stained_glass_pane
colored,131,magenta_stained_glass_pane
colored,132,pink_stained_glass_pane
colored,133,shulker_box
colored,134,white_shulker_box
colored,135,light_gray_shulker_box
colored,136,gray_shulker_box
colored,137,black_shulker_box
colored,138,brown_shulker_box
colored,139,red_shulker_box
colored,140,orange_shulker_box
colored,141,yellow_shulker_box
colored,142,lime_shulker_box
colored,143,green_shulker_box
colored,144,cyan_shulker_box
colored,145,light_blue_shulker_box
colored,146,blue_shulker_box
colored,147,purple_shulker_box
colored,148,magenta_shulker_box
colored,149,pink_shulker_box
colored,150,white_bed
colored,151,light_gray_bed
colored,152,gray_bed
colored,153,black_bed
colored,154,brown_bed
colored,155,red_bed
colored,156,orange_bed
colored,157,yellow_bed
colored,158,lime_bed
colored,159,green_bed
colored,160,cyan_bed
colored,161,light_blue_bed
colored,162,blue_bed
colored,163,purple_bed
colored,164,magenta_bed
colored,165,pink_bed
colored,166,candle
colored,167,white_candle
colored,168,light_gray_candle
colored,169,gray_candle
colored,170,black_candle
colored,171,brown_candle
colored,172,red_candle
colored,173,orange_candle
colored,174,yellow_candle
colored,175,lime_candle
colored,176,green_candle
colored,177,cyan_candle
colored,178,light_blue_candle
colored,179,blue_candle
colored,180,purple_candle
colored,181,magenta_candle
colored,182,pink_candle
colored,183,white_banner
colored,184,light_gray_banner
colored,185,gray_banner
colored,186,black_banner
colored,187,brown_banner
colored,188,red_banner
colored,189,orange_banner
colored,190,yellow_banner
colored,191,lime_banner
colored,192,green_banner
colored,193,cyan_banner
colored,194,light_blue_banner
colored,195,blue_banner
colored,196,purple_banner
colored,197,magenta_banner
colored,198,pink_banner
natural,1,grass_block
natural,2,podzol
natural,3,mycelium
natural,4,dirt_path
natural,5,dirt
natural,6,coarse_dirt
natural,7,rooted_dirt
natural,8,farmland
natural,9,mud
natural,10,clay
natural,11,gravel
natural,12,sand
natural,13,sandstone
natural,14,red_sand
natural,15,red_sandstone
natural,16,ice
natural,17,packed_ice
natural,18,blue_ice
natural,19,snow_block
natural,20,snow
natural,21,moss_block
natural,22,moss_carpet
natural,23,pale_moss_block
natural,24,pale_moss_carpet
natural,25,pale_hanging_moss
natural,26,stone
natural,27,deepslate
natural,28,granite
natural,29,diorite
natural,30,andesite
natural,31,calcite
natural,32,tuff
natural,33,dripstone_block
natural,34,pointed_dripstone
natural,35,prismarine
natural,36,magma_block
natural,37,obsidian
natural,38,crying_obsidian
natural,39,netherrack
natural,40,crimson_nylium
natural,41,warped_nylium
natural,42,soul_sand
natural,43,soul_soil
natural,44,bone_block
natural,45,blackstone
natural,46,basalt
natural,47,smooth_basalt
natural,48,end_stone
natural,49,coal_ore
natural,50,deepslate_coal_ore
natural,51,iron_ore
natural,52,deepslate_iron_ore
natural,53,copper_ore
natural,54,deepslate_copper_ore
natural,55,gold_ore
natural,56,deepslate_gold_ore
natural,57,redstone_ore
natural,58,deepslate_redstone_ore
natural,59,emerald_ore
natural,60,deepslate_emerald_ore
natural,61,lapis_ore
natural,62,deepslate_lapis_ore
natural,63,diamond_ore
natural,64,deepslate_diamond_ore
natural,65,nether_gold_ore
natural,66,nether_quartz_ore
natural,67,ancient_debris
natural,68,raw_iron_block
natural,69,raw_copper_block
natural,70,raw_gold_block
natural,71,glowstone
natural,72,amethyst_block
natural,73,budding_amethyst
natural,74,small_amethyst_bud
natural,75,medium_amethyst_bud
natural,76,large_amethyst_bud
natural,77,amethyst_cluster
natural,78,oak_log
natural,79,spruce_log
natural,80,birch_log
natural,81,jungle_log
natural,82,acacia_log
natural,83,dark_oak_log
natural,84,mangrove_log
natural,85,mangrove_roots
natural,86,muddy_mangrove_roots
natural,87,cherry_log
natural,88,pale_oak_log
natural,89,mushroom_stem
natural,90,crimson_stem
natural,91,warped_stem
natural,92,oak_leaves
natural,93,spruce_leaves
natural,94,birch_leaves
natural,95,jungle_leaves
natural,96,acacia_leaves
natural,97,dark_oak_leaves
natural,98,mangrove_leaves
natural,99,cherry_leaves
natural,100,pale_oak_leaves
natural,101,azalea_leaves
natural,102,flowering_azalea_leaves
natural,103,brown_mushroom_block
natural,104,red_mushroom_block
natural,105,nether_wart_block
natural,106,warped_wart_block
natural,107,shroomlight
natural,108,oak_sapling
natural,109,spruce_sapling
natural,110,birch_sapling
natural,111,jungle_sapling
natural,112,acacia_sapling
natural,113,dark_oak_sapling
natural,114,mangrove_propagule
natural,115,cherry_sapling
natural,116,pale_oak_sapling
natural,117,azalea
natural,118,flowering_azalea
natural,119,brown_mushroom
natural,120,red_mushroom
natural,121,crimson_fungus
natural,122,warped_fungus
natural,123,short_grass
natural,124,fern
natural,125,short_dry_grass
natural,126,bush
natural,127,dead_bush
natural,128,dandelion
natural,129,poppy
natural,130,blue_orchid
natural,131,allium
natural,132,azure_bluet
natural,133,red_tulip
natural,134,orange_tulip
natural,135,white_tulip
natural,136,pink_tulip
natural,137,oxeye_daisy
natural,138,cornflower
natural,139,lily_of_the_valley
natural,140,torchflower
natural,141,cactus_flower
natural,142,closed_eyeblossom
natural,143,open_eyeblossom
natural,144,wither_rose
natural,145,pink_petals
natural,146,wildflowers
natural,147,leaf_litter
natural,148,spore_blossom
natural,149,firefly_bush
natural,150,bamboo
natural,151,sugar_cane
natural,152,cactus
natural,153,crimson_roots
natural,154,warped_roots
natural,155,nether_sprouts
natural,156,weeping_vines
natural,157,twisting_vines
natural,158,vine
natural,159,tall_grass
natural,160,large_fern
natural,161,tall_dry_grass
natural,162,sunflower
natural,163,lilac
natural,164,rose_bush
natural,165,peony
natural,166,pitcher_plant
natural,167,big_dripleaf
natural,168,small_dripleaf
natural,169,chorus_plant
natural,170,chorus_flower
natural,171,glow_lichen
natural,172,hanging_roots
natural,173,frogspawn
natural,174,turtle_egg
natural,175,sniffer_egg
natural,176,dried_ghast
natural,177,wheat_seeds
natural,178,cocoa_beans
natural,179,pumpkin_seeds
natural,180,melon_seeds
natural,181,beetroot_seeds
natural,182,torchflower_seeds
natural,183,pitcher_pod
natural,184,glow_berries
natural,185,sweet_berries
natural,186,nether_wart
natural,187,lily_pad
natural,188,seagrass
natural,189,sea_pickle
natural,190,kelp
natural,191,dried_kelp_block
natural,192,tube_coral_block
natural,193,brain_coral_block
natural,194,bubble_coral_block
natural,195,fire_coral_block
natural,196,horn_coral_block
natural,197,dead_tube_coral_block
natural,198,dead_brain_coral_block
natural,199,dead_bubble_coral_block
natural,200,dead_fire_coral_block
natural,201,dead_horn_coral_block
natural,202,tube_coral
natural,203,brain_coral
natural,204,bubble_coral
natural,205,fire_coral
natural,206,horn_coral
natural,207,dead_tube_coral
natural,208,dead_brain_coral
natural,209,dead_bubble_coral
natural,210,dead_fire_coral
natural,211,dead_horn_coral
natural,212,tube_coral_fan
natural,213,brain_coral_fan
natural,214,bubble_coral_fan
natural,215,fire_coral_fan
natural,216,horn_coral_fan
natural,217,dead_tube_coral_fan
natural,218,dead_brain_coral_fan
natural,219,dead_bubble_coral_fan
natural,220,dead_fire_coral_fan
natural,221,dead_horn_coral_fan
natural,222,sponge
natural,223,wet_sponge
natural,224,melon
natural,225,pumpkin
natural,226,carved_pumpkin
natural,227,jack_o_lantern
natural,228,hay_block
natural,229,bee_nest
natural,230,honeycomb_block
natural,231,slime_block
natural,232,honey_block
natural,233,resin_block
natural,234,ochre_froglight
natural,235,verdant_froglight
natural,236,pearlescent_froglight
natural,237,sculk
natural,238,sculk_vein
natural,239,sculk_catalyst
natural,240,sculk_shrieker
natural,241,sculk_sensor
natural,242,cobweb
natural,243,bedrock
functional,1,torch
functional,2,soul_torch
functional,3,copper_torch
functional,4,redstone_torch
functional,5,lantern
functional,6,soul_lantern
functional,7,copper_lantern
functional,8,exposed_copper_lantern
functional,9,weathered_copper_lantern
functional,10,oxidized_copper_lantern
functional,11,waxed_copper_lantern
functional,12,waxed_exposed_copper_lantern
functional,13,waxed_weathered_copper_lantern
functional,14,waxed_oxidized_copper_lantern
functional,15,iron_chain
functional,16,copper_chain
functional,17,exposed_copper_chain
functional,18,weathered_copper_chain
functional,19,oxidized_copper_chain
functional,20,waxed_copper_chain
functional,21,waxed_exposed_copper_chain
functional,22,waxed_weathered_copper_chain
functional,23,waxed_oxidized_copper_chain
functional,24,end_rod
functional,25,sea_lantern
functional,26,redstone_lamp
functional,27,copper_bulb
functional,28,exposed_copper_bulb
functional,29,weathered_copper_bulb
functional,30,oxidized_copper_bulb
functional,31,waxed_copper_bulb
functional,32,waxed_exposed_copper_bulb
functional,33,waxed_weathered_copper_bulb
functional,34,waxed_oxidized_copper_bulb
functional,35,glowstone
functional,36,shroomlight
functional,37,ochre_froglight
functional,38,verdant_froglight
functional,39,pearlescent_froglight
functional,40,crying_obsidian
functional,41,glow_lichen
functional,42,magma_block
functional,43,crafting_table
functional,44,stonecutter
functional,45,cartography_table
functional,46,fletching_table
functional,47,smithing_table
functional,48,grindstone
functional,49,loom
functional,50,furnace
functional,51,smoker
functional,52,blast_furnace
functional,53,campfire
functional,54,soul_campfire
functional,55,anvil
functional,56,chipped_anvil
functional,57,damaged_anvil
functional,58,composter
functional,59,note_block
functional,60,jukebox
functional,61,enchanting_table
functional,62,end_crystal
functional,63,brewing_stand
functional,64,cauldron
functional,65,bell
functional,66,beacon
functional,67,conduit
functional,68,lodestone
functional,69,ladder
functional,70,scaffolding
functional,71,bee_nest
functional,72,beehive
functional,73,suspicious_sand
functional,74,suspicious_gravel
functional,75,lightning_rod
functional,76,exposed_lightning_rod
functional,77,weathered_lightning_rod
functional,78,oxidized_lightning_rod
functional,79,waxed_lightning_rod
functional,80,waxed_exposed_lightning_rod
functional,81,waxed_weathered_lightning_rod
functional,82,waxed_oxidized_lightning_rod
functional,83,flower_pot
functional,84,decorated_pot
functional,85,armor_stand
functional,86,item_frame
functional,87,glow_item_frame
functional,88,painting
functional,89,painting
functional,90,bookshelf
functional,91,chiseled_bookshelf
functional,92,oak_shelf
functional,93,spruce_shelf
functional,94,birch_shelf
functional,95,jungle_shelf
functional,96,acacia_shelf
functional,97,dark_oak_shelf
functional,98,mangrove_shelf
functional,99,cherry_shelf
functional,100,pale_oak_shelf
functional,101,bamboo_shelf
functional,102,crimson_shelf
functional,103,warped_shelf
functional,104,lectern
functional,105,tinted_glass
functional,106,oak_sign
functional,107,oak_hanging_sign
functional,108,spruce_sign
functional,109,spruce_hanging_sign
functional,110,birch_sign
functional,111,birch_hanging_sign
functional,112,jungle_sign
functional,113,jungle_hanging_sign
functional,114,acacia_sign
functional,115,acacia_hanging_sign
functional,116,dark_oak_sign
functional,117,dark_oak_hanging_sign
functional,118,mangrove_sign
functional,119,mangrove_hanging_sign
functional,120,cherry_sign
functional,121,cherry_hanging_sign
functional,122,pale_oak_sign
functional,123,pale_oak_hanging_sign
functional,124,bamboo_sign
functional,125,bamboo_hanging_sign
functional,126,crimson_sign
functional,127,crimson_hanging_sign
functional,128,warped_sign
functional,129,warped_hanging_sign
functional,130,chest
functional,131,copper_chest
functional,132,exposed_copper_chest
functional,133,weathered_copper_chest
functional,134,oxidized_copper_chest
functional,135,waxed_copper_chest
functional,136,waxed_exposed_copper_chest
functional,137,waxed_weathered_copper_chest
functional,138,waxed_oxidized_copper_chest
functional,139,barrel
functional,140,ender_chest
functional,141,shulker_box
functional,142,white_shulker_box
functional,143,light_gray_shulker_box
functional,144,gray_shulker_box
functional,145,black_shulker_box
functional,146,brown_shulker_box
functional,147,red_shulker_box
functional,148,orange_shulker_box
functional,149,yellow_shulker_box
functional,150,lime_shulker_box
functional,151,green_shulker_box
functional,152,cyan_shulker_box
functional,153,light_blue_shulker_box
functional,154,blue_shulker_box
functional,155,purple_shulker_box
functional,156,magenta_shulker_box
functional,157,pink_shulker_box
functional,158,respawn_anchor
functional,159,white_bed
functional,160,light_gray_bed
functional,161,gray_bed
functional,162,black_bed
functional,163,brown_bed
functional,164,red_bed
functional,165,orange_bed
functional,166,yellow_bed
functional,167,lime_bed
functional,168,green_bed
functional,169,cyan_bed
functional,170,light_blue_bed
functional,171,blue_bed
functional,172,purple_bed
functional,173,magenta_bed
functional,174,pink_bed
functional,175,candle
functional,176,white_candle
functional,177,light_gray_candle
functional,178,gray_candle
functional,179,black_candle
functional,180,brown_candle
functional,181,red_candle
functional,182,orange_candle
functional,183,yellow_candle
functional,184,lime_candle
functional,185,green_candle
functional,186,cyan_candle
functional,187,light_blue_candle
functional,188,blue_candle
functional,189,purple_candle
functional,190,magenta_candle
functional,191,pink_candle
functional,192,white_banner
functional,193,light_gray_banner
functional,194,gray_banner
functional,195,black_banner
functional,196,brown_banner
functional,197,red_banner
functional,198,orange_banner
functional,199,yellow_banner
functional,200,lime_banner
functional,201,green_banner
functional,202,cyan_banner
functional,203,light_blue_banner
functional,204,blue_banner
functional,205,purple_banner
functional,206,magenta_banner
functional,207,pink_banner
functional,208,white_banner
functional,209,skeleton_skull
functional,210,wither_skeleton_skull
functional,211,player_head
functional,212,zombie_head
functional,213,creeper_head
functional,214,piglin_head
functional,215,dragon_head
functional,216,dragon_egg
functional,217,end_portal_frame
functional,218,vault
functional,219,ender_eye
functional,220,copper_golem_statue
functional,221,exposed_copper_golem_statue
functional,222,weathered_copper_golem_statue
functional,223,oxidized_copper_golem_statue
functional,224,waxed_copper_golem_statue
functional,225,waxed_exposed_copper_golem_statue
functional,226,waxed_weathered_copper_golem_statue
functional,227,waxed_oxidized_copper_golem_statue
functional,228,infested_stone
functional,229,infested_cobblestone
functional,230,infested_stone_bricks
functional,231,infested_mossy_stone_bricks
functional,232,infested_cracked_stone_bricks
functional,233,infested_chiseled_stone_bricks
functional,234,infested_deepslate
redstone,1,redstone
redstone,2,redstone_torch
redstone,3,redstone_block
redstone,4,repeater
redstone,5,comparator
redstone,6,target
redstone,7,waxed_copper_bulb
redstone,8,waxed_exposed_copper_bulb
redstone,9,waxed_weathered_copper_bulb
redstone,10,waxed_oxidized_copper_bulb
redstone,11,lever
redstone,12,oak_button
redstone,13,stone_button
redstone,14,oak_pressure_plate
redstone,15,stone_pressure_plate
redstone,16,light_weighted_pressure_plate
redstone,17,heavy_weighted_pressure_plate
redstone,18,sculk_sensor
redstone,19,calibrated_sculk_sensor
redstone,20,sculk_shrieker
redstone,21,amethyst_block
redstone,22,white_wool
redstone,23,tripwire_hook
redstone,24,string
redstone,25,lectern
redstone,26,daylight_detector
redstone,27,waxed_lightning_rod
redstone,28,piston
redstone,29,sticky_piston
redstone,30,slime_block
redstone,31,honey_block
redstone,32,dispenser
redstone,33,dropper
redstone,34,crafter
redstone,35,hopper
redstone,36,chest
redstone,37,waxed_copper_chest
redstone,38,barrel
redstone,39,chiseled_bookshelf
redstone,40,oak_shelf
redstone,41,furnace
redstone,42,trapped_chest
redstone,43,jukebox
redstone,44,decorated_pot
redstone,45,observer
redstone,46,note_block
redstone,47,composter
redstone,48,cauldron
redstone,49,rail
redstone,50,powered_rail
redstone,51,detector_rail
redstone,52,activator_rail
redstone,53,minecart
redstone,54,hopper_minecart
redstone,55,chest_minecart
redstone,56,furnace_minecart
redstone,57,tnt_minecart
redstone,58,oak_chest_boat
redstone,59,bamboo_chest_raft
redstone,60,oak_door
redstone,61,iron_door
redstone,62,oak_fence_gate
redstone,63,oak_trapdoor
redstone,64,iron_trapdoor
redstone,65,tnt
redstone,66,redstone_lamp
redstone,67,bell
redstone,68,big_dripleaf
redstone,69,armor_stand
redstone,70,redstone_ore
tools,1,wooden_shovel
tools,2,wooden_pickaxe
tools,3,wooden_axe
tools,4,wooden_hoe
tools,5,stone_shovel
tools,6,stone_pickaxe
tools,7,stone_axe
tools,8,stone_hoe
tools,9,copper_shovel
tools,10,copper_pickaxe
tools,11,copper_axe
tools,12,copper_hoe
tools,13,iron_shovel
tools,14,iron_pickaxe
tools,15,iron_axe
tools,16,iron_hoe
tools,17,golden_shovel
tools,18,golden_pickaxe
tools,19,golden_axe
tools,20,golden_hoe
tools,21,diamond_shovel
tools,22,diamond_pickaxe
tools,23,diamond_axe
tools,24,diamond_hoe
tools,25,netherite_shovel
tools,26,netherite_pickaxe
tools,27,netherite_axe
tools,28,netherite_hoe
tools,29,bucket
tools,30,water_bucket
tools,31,cod_bucket
tools,32,salmon_bucket
tools,33,tropical_fish_bucket
tools,34,pufferfish_bucket
tools,35,axolotl_bucket
tools,36,tadpole_bucket
tools,37,lava_bucket
tools,38,powder_snow_bucket
tools,39,milk_bucket
tools,40,fishing_rod
tools,41,flint_and_steel
tools,42,fire_charge
tools,43,bone_meal
tools,44,shears
tools,45,brush
tools,46,name_tag
tools,47,lead
tools,48,bundle
tools,49,white_bundle
tools,50,light_gray_bundle
tools,51,gray_bundle
tools,52,black_bundle
tools,53,brown_bundle
tools,54,red_bundle
tools,55,orange_bundle
tools,56,yellow_bundle
tools,57,lime_bundle
tools,58,green_bundle
tools,59,cyan_bundle
tools,60,light_blue_bundle
tools,61,blue_bundle
tools,62,purple_bundle
tools,63,magenta_bundle
tools,64,pink_bundle
tools,65,compass
tools,66,recovery_compass
tools,67,clock
tools,68,spyglass
tools,69,map
tools,70,writable_book
tools,71,wind_charge
tools,72,ender_pearl
tools,73,ender_eye
tools,74,elytra
tools,75,firework_rocket
tools,76,saddle
tools,77,white_harness
tools,78,light_gray_harness
tools,79,gray_harness
tools,80,black_harness
tools,81,brown_harness
tools,82,red_harness
tools,83,orange_harness
tools,84,yellow_harness
tools,85,lime_harness
tools,86,green_harness
tools,87,cyan_harness
tools,88,light_blue_harness
tools,89,blue_harness
tools,90,purple_harness
tools,91,magenta_harness
tools,92,pink_harness
tools,93,carrot_on_a_stick
tools,94,warped_fungus_on_a_stick
tools,95,oak_boat
tools,96,oak_chest_boat
tools,97,spruce_boat
tools,98,spruce_chest_boat
tools,99,birch_boat
tools,100,birch_chest_boat
tools,101,jungle_boat
tools,102,jungle_chest_boat
tools,103,acacia_boat
tools,104,acacia_chest_boat
tools,105,dark_oak_boat
tools,106,dark_oak_chest_boat
tools,107,mangrove_boat
tools,108,mangrove_chest_boat
tools,109,cherry_boat
tools,110,cherry_chest_boat
tools,111,pale_oak_boat
tools,112,pale_oak_chest_boat
tools,113,bamboo_raft
tools,114,bamboo_chest_raft
tools,115,rail
tools,116,powered_rail
tools,117,detector_rail
tools,118,activator_rail
tools,119,minecart
tools,120,hopper_minecart
tools,121,chest_minecart
tools,122,furnace_minecart
tools,123,tnt_minecart
tools,124,goat_horn
tools,125,music_disc_13
tools,126,music_disc_cat
tools,127,music_disc_blocks
tools,128,music_disc_chirp
tools,129,music_disc_far
tools,130,music_disc_mall
tools,131,music_disc_mellohi
tools,132,music_disc_stal
tools,133,music_disc_strad
tools,134,music_disc_ward
tools,135,music_disc_11
tools,136,music_disc_creator_music_box
tools,137,music_disc_wait
tools,138,music_disc_creator
tools,139,music_disc_precipice
tools,140,music_disc_otherside
tools,141,music_disc_relic
tools,142,music_disc_5
tools,143,music_disc_pigstep
tools,144,music_disc_tears
tools,145,music_disc_lava_chicken
combat,1,wooden_sword
combat,2,stone_sword
combat,3,copper_sword
combat,4,iron_sword
combat,5,golden_sword
combat,6,diamond_sword
combat,7,netherite_sword
combat,8,wooden_spear
combat,9,stone_spear
combat,10,copper_spear
combat,11,iron_spear
combat,12,golden_spear
combat,13,diamond_spear
combat,14,netherite_spear
combat,15,wooden_axe
combat,16,stone_axe
combat,17,copper_axe
combat,18,iron_axe
combat,19,golden_axe
combat,20,diamond_axe
combat,21,netherite_axe
combat,22,trident
combat,23,mace
combat,24,shield
combat,25,leather_helmet
combat,26,leather_chestplate
combat,27,leather_leggings
combat,28,leather_boots
combat,29,copper_helmet
combat,30,copper_chestplate
combat,31,copper_leggings
combat,32,copper_boots
combat,33,chainmail_helmet
combat,34,chainmail_chestplate
combat,35,chainmail_leggings
combat,36,chainmail_boots
combat,37,iron_helmet
combat,38,iron_chestplate
combat,39,iron_leggings
combat,40,iron_boots
combat,41,golden_helmet
combat,42,golden_chestplate
combat,43,golden_leggings
combat,44,golden_boots
combat,45,diamond_helmet
combat,46,diamond_chestplate
combat,47,diamond_leggings
combat,48,diamond_boots
combat,49,netherite_helmet
combat,50,netherite_chestplate
combat,51,netherite_leggings
combat,52,netherite_boots
combat,53,turtle_helmet
combat,54,leather_horse_armor
combat,55,copper_horse_armor
combat,56,iron_horse_armor
combat,57,golden_horse_armor
combat,58,diamond_horse_armor
combat,59,netherite_horse_armor
combat,60,wolf_armor
combat,61,copper_nautilus_armor
combat,62,iron_nautilus_armor
combat,63,golden_nautilus_armor
combat,64,diamond_nautilus_armor
combat,65,netherite_nautilus_armor
combat,66,totem_of_undying
combat,67,tnt
combat,68,end_crystal
combat,69,snowball
combat,70,egg
combat,71,brown_egg
combat,72,blue_egg
combat,73,wind_charge
combat,74,bow
combat,75,crossbow
combat,76,firework_rocket
combat,77,arrow
combat,78,spectral_arrow
combat,79,tipped_arrow
food,1,apple
food,2,golden_apple
food,3,enchanted_golden_apple
food,4,melon_slice
food,5,sweet_berries
food,6,glow_berries
food,7,chorus_fruit
food,8,carrot
food,9,golden_carrot
food,10,potato
food,11,baked_potato
food,12,poisonous_potato
food,13,beetroot
food,14,dried_kelp
food,15,beef
food,16,cooked_beef
food,17,porkchop
food,18,cooked_porkchop
food,19,mutton
food,20,cooked_mutton
food,21,chicken
food,22,cooked_chicken
food,23,rabbit
food,24,cooked_rabbit
food,25,cod
food,26,cooked_cod
food,27,salmon
food,28,cooked_salmon
food,29,tropical_fish
food,30,pufferfish
food,31,bread
food,32,cookie
food,33,cake
food,34,pumpkin_pie
food,35,rotten_flesh
food,36,spider_eye
food,37,mushroom_stew
food,38,beetroot_soup
food,39,rabbit_stew
food,40,suspicious_stew
food,41,milk_bucket
food,42,honey_bottle
food,43,ominous_bottle
food,44,potion
food,45,splash_potion
food,46,lingering_potion
ingredients,1,coal
ingredients,2,charcoal
ingredients,3,raw_copper
ingredients,4,raw_iron
ingredients,5,raw_gold
ingredients,6,emerald
ingredients,7,lapis_lazuli
ingredients,8,diamond
ingredients,9,ancient_debris
ingredients,10,quartz
ingredients,11,amethyst_shard
ingredients,12,copper_nugget
ingredients,13,iron_nugget
ingredients,14,gold_nugget
ingredients,15,copper_ingot
ingredients,16,iron_ingot
ingredients,17,gold_ingot
ingredients,18,netherite_scrap
ingredients,19,netherite_ingot
ingredients,20,stick
ingredients,21,flint
ingredients,22,wheat
ingredients,23,bone
ingredients,24,bone_meal
ingredients,25,string
ingredients,26,feather
ingredients,27,snowball
ingredients,28,egg
ingredients,29,brown_egg
ingredients,30,blue_egg
ingredients,31,leather
ingredients,32,rabbit_hide
ingredients,33,honeycomb
ingredients,34,resin_clump
ingredients,35,ink_sac
ingredients,36,glow_ink_sac
ingredients,37,turtle_scute
ingredients,38,armadillo_scute
ingredients,39,slime_ball
ingredients,40,clay_ball
ingredients,41,prismarine_shard
ingredients,42,prismarine_crystals
ingredients,43,nautilus_shell
ingredients,44,heart_of_the_sea
ingredients,45,fire_charge
ingredients,46,blaze_rod
ingredients,47,breeze_rod
ingredients,48,heavy_core
ingredients,49,nether_star
ingredients,50,ender_pearl
ingredients,51,ender_eye
ingredients,52,shulker_shell
ingredients,53,popped_chorus_fruit
ingredients,54,echo_shard
ingredients,55,disc_fragment_5
ingredients,56,white_dye
ingredients,57,light_gray_dye
ingredients,58,gray_dye
ingredients,59,black_dye
ingredients,60,brown_dye
ingredients,61,red_dye
ingredients,62,orange_dye
ingredients,63,yellow_dye
ingredients,64,lime_dye
ingredients,65,green_dye
ingredients,66,cyan_dye
ingredients,67,light_blue_dye
ingredients,68,blue_dye
ingredients,69,purple_dye
ingredients,70,magenta_dye
ingredients,71,pink_dye
ingredients,72,bowl
ingredients,73,brick
ingredients,74,nether_brick
ingredients,75,resin_brick
ingredients,76,paper
ingredients,77,book
ingredients,78,firework_star
ingredients,79,glass_bottle
ingredients,80,nether_wart
ingredients,81,redstone
ingredients,82,glowstone_dust
ingredients,83,gunpowder
ingredients,84,dragon_breath
ingredients,85,fermented_spider_eye
ingredients,86,blaze_powder
ingredients,87,sugar
ingredients,88,rabbit_foot
ingredients,89,glistering_melon_slice
ingredients,90,spider_eye
ingredients,91,pufferfish
ingredients,92,magma_cream
ingredients,93,golden_carrot
ingredients,94,ghast_tear
ingredients,95,turtle_helmet
ingredients,96,phantom_membrane
ingredients,97,field_masoned_banner_pattern
ingredients,98,bordure_indented_banner_pattern
ingredients,99,flower_banner_pattern
ingredients,100,creeper_banner_pattern
ingredients,101,skull_banner_pattern
ingredients,102,mojang_banner_pattern
ingredients,103,globe_banner_pattern
ingredients,104,piglin_banner_pattern
ingredients,105,flow_banner_pattern
ingredients,106,guster_banner_pattern
ingredients,107,angler_pottery_sherd
ingredients,108,archer_pottery_sherd
ingredients,109,arms_up_pottery_sherd
ingredients,110,blade_pottery_sherd
ingredients,111,brewer_pottery_sherd
ingredients,112,burn_pottery_sherd
ingredients,113,danger_pottery_sherd
ingredients,114,explorer_pottery_sherd
ingredients,115,flow_pottery_sherd
ingredients,116,friend_pottery_sherd
ingredients,117,guster_pottery_sherd
ingredients,118,heart_pottery_sherd
ingredients,119,heartbreak_pottery_sherd
ingredients,120,howl_pottery_sherd
ingredients,121,miner_pottery_sherd
ingredients,122,mourner_pottery_sherd
ingredients,123,plenty_pottery_sherd
ingredients,124,prize_pottery_sherd
ingredients,125,scrape_pottery_sherd
ingredients,126,sheaf_pottery_sherd
ingredients,127,shelter_pottery_sherd
ingredients,128,skull_pottery_sherd
ingredients,129,snort_pottery_sherd
ingredients,130,netherite_upgrade_smithing_template
ingredients,131,sentry_armor_trim_smithing_template
ingredients,132,vex_armor_trim_smithing_template
ingredients,133,wild_armor_trim_smithing_template
ingredients,134,coast_armor_trim_smithing_template
ingredients,135,dune_armor_trim_smithing_template
ingredients,136,wayfinder_armor_trim_smithing_template
ingredients,137,raiser_armor_trim_smithing_template
ingredients,138,shaper_armor_trim_smithing_template
ingredients,139,host_armor_trim_smithing_template
ingredients,140,ward_armor_trim_smithing_template
ingredients,141,silence_armor_trim_smithing_template
ingredients,142,tide_armor_trim_smithing_template
ingredients,143,snout_armor_trim_smithing_template
ingredients,144,rib_armor_trim_smithing_template
ingredients,145,eye_armor_trim_smithing_template
ingredients,146,spire_armor_trim_smithing_template
ingredients,147,flow_armor_trim_smithing_template
ingredients,148,bolt_armor_trim_smithing_template
ingredients,149,experience_bottle
ingredients,150,trial_key
ingredients,151,ominous_trial_key
ingredients,152,enchanted_book
ingredients,153,enchanted_book
spawn,1,spawner
spawn,2,trial_spawner
spawn,3,creaking_heart
spawn,4,chicken_spawn_egg
spawn,5,cow_spawn_egg
spawn,6,pig_spawn_egg
spawn,7,sheep_spawn_egg
spawn,8,camel_spawn_egg
spawn,9,donkey_spawn_egg
spawn,10,horse_spawn_egg
spawn,11,mule_spawn_egg
spawn,12,cat_spawn_egg
spawn,13,parrot_spawn_egg
spawn,14,wolf_spawn_egg
spawn,15,armadillo_spawn_egg
spawn,16,bat_spawn_egg
spawn,17,bee_spawn_egg
spawn,18,fox_spawn_egg
spawn,19,goat_spawn_egg
spawn,20,llama_spawn_egg
spawn,21,ocelot_spawn_egg
spawn,22,panda_spawn_egg
spawn,23,polar_bear_spawn_egg
spawn,24,rabbit_spawn_egg
spawn,25,axolotl_spawn_egg
spawn,26,cod_spawn_egg
spawn,27,dolphin_spawn_egg
spawn,28,frog_spawn_egg
spawn,29,glow_squid_spawn_egg
spawn,30,nautilus_spawn_egg
spawn,31,pufferfish_spawn_egg
spawn,32,salmon_spawn_egg
spawn,33,squid_spawn_egg
spawn,34,tadpole_spawn_egg
spawn,35,tropical_fish_spawn_egg
spawn,36,turtle_spawn_egg
spawn,37,allay_spawn_egg
spawn,38,mooshroom_spawn_egg
spawn,39,sniffer_spawn_egg
spawn,40,copper_golem_spawn_egg
spawn,41,iron_golem_spawn_egg
spawn,42,snow_golem_spawn_egg
spawn,43,trader_llama_spawn_egg
spawn,44,villager_spawn_egg
spawn,45,wandering_trader_spawn_egg
spawn,46,bogged_spawn_egg
spawn,47,camel_husk_spawn_egg
spawn,48,drowned_spawn_egg
spawn,49,husk_spawn_egg
spawn,50,parched_spawn_egg
spawn,51,skeleton_spawn_egg
spawn,52,skeleton_horse_spawn_egg
spawn,53,stray_spawn_egg
spawn,54,zombie_spawn_egg
spawn,55,zombie_horse_spawn_egg
spawn,56,zombie_nautilus_spawn_egg
spawn,57,zombie_villager_spawn_egg
spawn,58,cave_spider_spawn_egg
spawn,59,spider_spawn_egg
spawn,60,breeze_spawn_egg
spawn,61,creaking_spawn_egg
spawn,62,creeper_spawn_egg
spawn,63,elder_guardian_spawn_egg
spawn,64,guardian_spawn_egg
spawn,65,phantom_spawn_egg
spawn,66,silverfish_spawn_egg
spawn,67,slime_spawn_egg
spawn,68,warden_spawn_egg
spawn,69,witch_spawn_egg
spawn,70,evoker_spawn_egg
spawn,71,pillager_spawn_egg
spawn,72,ravager_spawn_egg
spawn,73,vex_spawn_egg
spawn,74,vindicator_spawn_egg
spawn,75,blaze_spawn_egg
spawn,76,ghast_spawn_egg
spawn,77,happy_ghast_spawn_egg
spawn,78,hoglin_spawn_egg
spawn,79,magma_cube_spawn_egg
spawn,80,piglin_spawn_egg
spawn,81,piglin_brute_spawn_egg
spawn,82,strider_spawn_egg
spawn,83,wither_skeleton_spawn_egg
spawn,84,zoglin_spawn_egg
spawn,85,zombified_piglin_spawn_egg
spawn,86,enderman_spawn_egg
spawn,87,endermite_spawn_egg
spawn,88,shulker_spawn_egg
op,1,command_block
op,2,chain_command_block
op,3,repeating_command_block
op,4,command_block_minecart
op,5,jigsaw
op,6,structure_block
op,7,structure_void
op,8,barrier
op,9,debug_stick
op,10,test_instance_block
op,11,test_block
op,12,light
op,13,painting
